layer,managed_path,source_path,sha256,size,duplicate_group
operational,operational/00_Business_View/00_HOME.md,{programdata_kb}/00_Business_View/00_HOME.md,a3ccd72f4e2181a0a108ab4980973284d031989e14159697d4d63131ab6ae361,895,DUP-001
operational,operational/00_Business_View/01_Design_And_Generate/_INDEX.md,{programdata_kb}/00_Business_View/01_Design_And_Generate/_INDEX.md,4de694357c9f1142bcd27c60514340430fb33473268c6d4c4ab057912ecf8d3d,1547,DUP-002
operational,operational/00_Business_View/02_Chromatograms_And_Results/_INDEX.md,{programdata_kb}/00_Business_View/02_Chromatograms_And_Results/_INDEX.md,82c6ee4ee1715802e2b490c6f5564b5c4bed0592f9ac63e8d3838b66b0b0cfa3,1011,DUP-003
operational,operational/00_Business_View/03_Quality_Control_And_Database/_INDEX.md,{programdata_kb}/00_Business_View/03_Quality_Control_And_Database/_INDEX.md,14376119a835613f798dedf7009dd1f58072b3f42c98fe4e97f6d6aaa10a6346,1071,DUP-004
operational,operational/00_Business_View/04_Single_Verification/_INDEX.md,{programdata_kb}/00_Business_View/04_Single_Verification/_INDEX.md,2bd4bf5688206bdb649eb6e25fe3cc23acb35c0279baa0b01eacdac708f28598,868,DUP-005
operational,operational/00_Business_View/05_Web_Workspace/_INDEX.md,{programdata_kb}/00_Business_View/05_Web_Workspace/_INDEX.md,f940a6f36ed738d3ff6bd8c48dc797b99b34569d59c230aea6370ed0ea5f4b3b,713,DUP-006
operational,operational/00_Business_View/90_Source_Documents/_INDEX.md,{programdata_kb}/00_Business_View/90_Source_Documents/_INDEX.md,7c07a6011a5f6a135679bab6f83289709924459ab55b57adb87144e806a5e393,506,DUP-007
operational,operational/00_Business_View/99_Archive/_INDEX.md,{programdata_kb}/00_Business_View/99_Archive/_INDEX.md,01cbecd51d0c1a0a21b66b926e96aafd0c69fa229324b84c96740f2fb9067590,527,DUP-008
operational,operational/00_Business_View/MIGRATION_MANIFEST.md,{programdata_kb}/00_Business_View/MIGRATION_MANIFEST.md,1904e9a51c89292c2e5aeb12ea1a1c96638aeb456a44f05d39e9d1b6967d7a5f,1476,DUP-009
operational,operational/CM/Instrument Commands/CM_INSTRUMENT_COMMAND_KNOWLEDGE_BASE_V2.md,{programdata_kb}/CM/Instrument Commands/CM_INSTRUMENT_COMMAND_KNOWLEDGE_BASE_V2.md,25a69bd57690910c118256d1b2390ff26d2722205ea3efb4dbc1da7166f04893,12998,DUP-010
operational,operational/CM_FORMULA_KNOWLEDGE_BASE.md,{programdata_kb}/CM_FORMULA_KNOWLEDGE_BASE.md,59eb4a406d226918c634248eaa34021f1b4304aac1f9d02994032dd9c913bbb1,6443,DUP-011
operational,operational/CMBX读取/CMBX_PARSING_NOTES.md,{programdata_kb}/CMBX读取/CMBX_PARSING_NOTES.md,ce6938b310297510c4af5b31f878467b0e09e24a47dc3a41386b977dbb882e27,22902,
operational,operational/External Report Engine/EXAMPLE_TCC_TEMPERATURE_EXTERNAL_REPORT.md,{programdata_kb}/External Report Engine/EXAMPLE_TCC_TEMPERATURE_EXTERNAL_REPORT.md,5bdeaa8c422b9786f97dd7cb0acf55300fff2f1cc92dc9fe2d2872713ba2a1a7,1130,DUP-012
operational,operational/External Report Engine/EXTERNAL_REPORT_ENGINE_PLAN.md,{programdata_kb}/External Report Engine/EXTERNAL_REPORT_ENGINE_PLAN.md,2f0efe999786b50c4870e10e9b3ca1dc661e15e81c7715dee51ac952535b6b16,21637,DUP-013
operational,operational/FOQ/Autosampler/FOQ_VAS_TD_KNOWLEDGE_MANAGEMENT.md,{programdata_kb}/FOQ/Autosampler/FOQ_VAS_TD_KNOWLEDGE_MANAGEMENT.md,dbeeda687a743b4ed0d69b6699548fd35e05b3af341b2c5cf7f77c4f0980837a,16966,DUP-014
operational,operational/FOQ/Autosampler/FOQ_VAS_TEST_LOGIC_KNOWLEDGE_BASE.md,{programdata_kb}/FOQ/Autosampler/FOQ_VAS_TEST_LOGIC_KNOWLEDGE_BASE.md,0ddae56b274f1f02f9ecc4b198c4a82c1eafb80cbea3202376d4449ad260bfc3,7901,DUP-015
operational,operational/FOQ/Detector/FOQ_VDAD_VMWD_TD_KNOWLEDGE_MANAGEMENT.md,{programdata_kb}/FOQ/Detector/FOQ_VDAD_VMWD_TD_KNOWLEDGE_MANAGEMENT.md,49240df2bbdb0fc480262aa1104ce14793670c490e0a3ac64bed8b3ce5ea9bfc,57144,DUP-016
operational,operational/FOQ/Detector/FOQ_VDAD_VMWD_TEST_LOGIC_KNOWLEDGE_BASE.md,{programdata_kb}/FOQ/Detector/FOQ_VDAD_VMWD_TEST_LOGIC_KNOWLEDGE_BASE.md,49240df2bbdb0fc480262aa1104ce14793670c490e0a3ac64bed8b3ce5ea9bfc,57144,DUP-016
operational,operational/FOQ/Detector/FOQ_VVWD_TD_KNOWLEDGE_MANAGEMENT.md,{programdata_kb}/FOQ/Detector/FOQ_VVWD_TD_KNOWLEDGE_MANAGEMENT.md,4d6a7ab15feb644c6df4a8fd3e3aaa82fdf961bfe7a877465344fcf150d56fa1,15181,DUP-017
operational,operational/FOQ/Detector/FOQ_VVWD_TEST_LOGIC_KNOWLEDGE_BASE.md,{programdata_kb}/FOQ/Detector/FOQ_VVWD_TEST_LOGIC_KNOWLEDGE_BASE.md,fbf71079763b2cad0c224944ce1a8d1e122222692f4e1379b8336582c0b264cc,6102,DUP-018
operational,operational/FOQ/Pump/FOQ_VPUMP_TD_KNOWLEDGE_MANAGEMENT.md,{programdata_kb}/FOQ/Pump/FOQ_VPUMP_TD_KNOWLEDGE_MANAGEMENT.md,3974b9c531b6dfe1cde24f127b24c3d5b3ea7866b7713e7b1ec3ea97ecf5d4c1,17633,DUP-019
operational,operational/FOQ/Pump/FOQ_VPUMP_TEST_LOGIC_KNOWLEDGE_BASE.md,{programdata_kb}/FOQ/Pump/FOQ_VPUMP_TEST_LOGIC_KNOWLEDGE_BASE.md,2454c1d8d9f907b496c5a554afdb712a734c219348e7e06466f461c3ec22fe17,5914,DUP-020
operational,operational/FOQ/RID/RID_OQ_METHOD_REPORT_EVIDENCE.md,{programdata_kb}/FOQ/RID/RID_OQ_METHOD_REPORT_EVIDENCE.md,13aeaa94f93bbe973c96a6ae816079568f994c556f9c34aa705efbefda161a44,6952,DUP-021
operational,operational/FOQ/RID/RID_OQ_TEST_KNOWLEDGE_BASE.md,{programdata_kb}/FOQ/RID/RID_OQ_TEST_KNOWLEDGE_BASE.md,b99c8317d0b07a11c65b014016bfa44125313f5bb99db4785b4e4f9d65dfcb4e,28749,DUP-022
operational,operational/FOQ/TCC/FOQ_TCC_VX_C10_A_TD_KNOWLEDGE_MANAGEMENT.md,{programdata_kb}/FOQ/TCC/FOQ_TCC_VX_C10_A_TD_KNOWLEDGE_MANAGEMENT.md,25f64ba9106aa9c7260368bb4d0cfef8f052d753dcd02d98a7eccf30cfbf06ce,15973,
operational,operational/FOQ/TCC/FOQ_TD_TEST_LOGIC_KNOWLEDGE_BASE.md,{programdata_kb}/FOQ/TCC/FOQ_TD_TEST_LOGIC_KNOWLEDGE_BASE.md,8c78c64ee1f8d6ade5e46bd733f40af79da9803ba7f847631aad0451e40bd07f,16046,DUP-023
operational,operational/FOQ/TCC/KB_INDEX.md,{programdata_kb}/FOQ/TCC/KB_INDEX.md,7d608e8f15f81b4d2b81ea9445cc73d2da1b720175914a80ff38ab6eea522098,8008,
operational,operational/FOQ/TCC/Script Description/Heat-Up and Cool-Down Time Test.md,{programdata_kb}/FOQ/TCC/Script Description/Heat-Up and Cool-Down Time Test.md,adff1f407c185ca0c70594e6352cdb2b2c1207d9af582826f2e505737d6ee59a,15405,DUP-024
operational,operational/FOQ/TCC/Script Description/Liquid Leak Sensor Test.md,{programdata_kb}/FOQ/TCC/Script Description/Liquid Leak Sensor Test.md,dfde2580690185d7c2626f33c025d2079e6252461f33339ad821bd3d27cc62c6,12267,DUP-025
operational,operational/FOQ/TCC/Script Description/Temperature Calibration.MD,{programdata_kb}/FOQ/TCC/Script Description/Temperature Calibration.MD,0e23a8d813c3f10407a0431d2f21cd09cfcff3f9a87f4e3153c84f22fdbb1fa3,14328,DUP-026
operational,operational/_long_paths/Temperature_Precision_and_Fan_Functionality_Test_644ef3ad4f83e5b3.md,{programdata_kb}/FOQ/TCC/Script Description/Temperature Precision and Fan Functionality Test.md,a82000a161a20a75cf27242defc2a7e2d9dc20b7b44ed999cb53f4045cacfaa6,13931,DUP-027
operational,operational/FOQ/TCC/Script Description/Temperature Stability and PCC Test.md,{programdata_kb}/FOQ/TCC/Script Description/Temperature Stability and PCC Test.md,546449066be58eee3203e2da3354b5a5a9055f8a641c404e38b320c2087086ae,13512,DUP-028
operational,operational/FOQ/TCC/Script Description/valve and keyboard.md,{programdata_kb}/FOQ/TCC/Script Description/valve and keyboard.md,a54ad0c53c0210f61ee89c21e3eebc701725c093cce8643636c70678b0f2c167,11898,DUP-029
operational,operational/_long_paths/Vanquish_TCC_Temperature_Accuracy_Method_Analysi_8ac1fbc2603d511e.md,{programdata_kb}/FOQ/TCC/Script Description/Vanquish_TCC_Temperature_Accuracy_Method_Analysis.md,2692f8a22756401c72a39365659a758d1fb5bc904fe939c713a9b0bdcd15519f,17075,DUP-030
operational,operational/FOQ/TCC/TCC_ACCURACY_BLACK_BOX_DECOMPOSITION.md,{programdata_kb}/FOQ/TCC/TCC_ACCURACY_BLACK_BOX_DECOMPOSITION.md,112c0740264fa8d6416bae715c6422ac212c573b16efd650767a2695b28fcc24,21796,DUP-031
operational,operational/FOQ/TCC/TCC_BURNIN_BLACK_BOX_DECOMPOSITION.md,{programdata_kb}/FOQ/TCC/TCC_BURNIN_BLACK_BOX_DECOMPOSITION.md,eea925587e4df2b1b52f7d00b374b0459653b9a07838392eab7578e3a114d64c,11444,DUP-032
operational,operational/FOQ/TCC/TCC_CALIBRATION_BLACK_BOX_DECOMPOSITION.md,{programdata_kb}/FOQ/TCC/TCC_CALIBRATION_BLACK_BOX_DECOMPOSITION.md,2f09df0953ac61799dece26302a84b6f1fe5234cc88a71b58ebf016f06c5833d,27542,DUP-033
operational,operational/FOQ/TCC/TCC_COLUMN_ID_BLACK_BOX_DECOMPOSITION.md,{programdata_kb}/FOQ/TCC/TCC_COLUMN_ID_BLACK_BOX_DECOMPOSITION.md,90d860d58f7c98cfb631957ad07cea8e865b22f0a1f1ca54c7a3413fc916cb10,14046,DUP-034
operational,operational/FOQ/TCC/TCC_ERROR_LOG_BLACK_BOX_DECOMPOSITION.md,{programdata_kb}/FOQ/TCC/TCC_ERROR_LOG_BLACK_BOX_DECOMPOSITION.md,46eef18dd6d81d40923f535effae58a2caa35ac9447f62ec95dc24387e1435c1,9906,DUP-035
operational,operational/FOQ/TCC/TCC_FACTORY_DEFAULT_BLACK_BOX_DECOMPOSITION.md,{programdata_kb}/FOQ/TCC/TCC_FACTORY_DEFAULT_BLACK_BOX_DECOMPOSITION.md,ed160db75b6c4412856ff6da75e0098b634da70e2e6b989b733c3b78a0f9038c,16525,DUP-036
operational,operational/FOQ/TCC/TCC_HEATUP_COOLDOWN_BLACK_BOX_DECOMPOSITION.md,{programdata_kb}/FOQ/TCC/TCC_HEATUP_COOLDOWN_BLACK_BOX_DECOMPOSITION.md,0bea3814392912cc2b825bb9596ebd148df433294874baaa2df1df6667420692,17435,DUP-037
operational,operational/FOQ/TCC/TCC_LIQUID_LEAK_BLACK_BOX_DECOMPOSITION.md,{programdata_kb}/FOQ/TCC/TCC_LIQUID_LEAK_BLACK_BOX_DECOMPOSITION.md,0405660f17ed35e549c8bec1d196b537859d8ce7d5868869e0e7d8e268923484,14584,DUP-038
operational,operational/FOQ/TCC/TCC_METHOD_ROLE_CONTRACTS.md,{programdata_kb}/FOQ/TCC/TCC_METHOD_ROLE_CONTRACTS.md,e036cb72a3b9f7217760e4ca498bb64e2b728b4b1f8a8f7913217d3ac129c656,35460,DUP-039
operational,operational/FOQ/TCC/TCC_PRECISION_FAN_BLACK_BOX_DECOMPOSITION.md,{programdata_kb}/FOQ/TCC/TCC_PRECISION_FAN_BLACK_BOX_DECOMPOSITION.md,0cc0e2e8460ef719e3a23d883574b2889209387a0d50eb4231090d53ba5555bb,19661,DUP-040
operational,operational/FOQ/TCC/TCC_PREHEATER_BLACK_BOX_DECOMPOSITION.md,{programdata_kb}/FOQ/TCC/TCC_PREHEATER_BLACK_BOX_DECOMPOSITION.md,c11e057204fc8daa58e9928329009fb065940af5b0b44509d45cadcad437c925,19265,DUP-041
operational,operational/FOQ/TCC/TCC_QUALIFICATION_SERVICE_BLACK_BOX_DECOMPOSITION.md,{programdata_kb}/FOQ/TCC/TCC_QUALIFICATION_SERVICE_BLACK_BOX_DECOMPOSITION.md,2c0099d79bb99885da753c7170f69b50ef0ab0cdc90a8e3a580969313a2d1aa6,10763,DUP-042
operational,operational/FOQ/TCC/TCC_STABILITY_BLACK_BOX_DECOMPOSITION.md,{programdata_kb}/FOQ/TCC/TCC_STABILITY_BLACK_BOX_DECOMPOSITION.md,81d7afb4cb4d742a51f377a772efe47b34361864a4fcee19cd43ecf286f1192f,19555,DUP-043
operational,operational/FOQ/TCC/TCC_TEST_KNOWLEDGE_NODE_MODEL.md,{programdata_kb}/FOQ/TCC/TCC_TEST_KNOWLEDGE_NODE_MODEL.md,b6bc6abaf994a71e663f8ce068f708d3d88a4feb39492589a6dd444e38c4bd55,56009,
operational,operational/FOQ/TCC/TCC_TEST_RELATIONSHIP_MODEL.md,{programdata_kb}/FOQ/TCC/TCC_TEST_RELATIONSHIP_MODEL.md,5d6b5c535a71d3acc6e3d2f459d5f5e3aa0408b68c51b67c1ef3b731dcdbd300,15943,DUP-044
operational,operational/FOQ/TCC/TCC_VALVE_KEYPAD_BLACK_BOX_DECOMPOSITION.md,{programdata_kb}/FOQ/TCC/TCC_VALVE_KEYPAD_BLACK_BOX_DECOMPOSITION.md,e6e5fc429bea16deb2029569c5e9abc99fd5910e0fd1752a5421a0869d251e28,16004,DUP-045
operational,operational/FOQ Template/A new method_GPT.MD,{programdata_kb}/FOQ Template/A new method_GPT.MD,6a80a2651a7882f609de171b812121c1a0c88171f1e7116def90ab516a347a0e,14869,
operational,operational/FOQ Template/A new test script.MD,{programdata_kb}/FOQ Template/A new test script.MD,3752ff11e0ff6eec528784034836c571af767f63e7e78c90537fea80d33cf1c7,7887,
operational,operational/FOQ Template/CM Compiler Rules.MD,{programdata_kb}/FOQ Template/CM Compiler Rules.MD,6c38548b738f4c68efa9691b6d7949584219675ffe6ce6af29e72cae9be2fddb,2737,DUP-046
operational,operational/FOQ Template/CM_METHOD_SCRIPT_MD_FORMAT_SPEC.md,{programdata_kb}/FOQ Template/CM_METHOD_SCRIPT_MD_FORMAT_SPEC.md,8fcefeb2c694a2cdd83a8341f35f0d89d733039b061f8806f09f971359cce23b,31639,DUP-047
operational,operational/FOQ Template/MD_TO_STANDALONE_METHOD_CMBX_PACKAGING.md,{programdata_kb}/FOQ Template/MD_TO_STANDALONE_METHOD_CMBX_PACKAGING.md,5a96b3a65289e84782abb1ce10306ac99d17cc96ac75c365867886ec1bb29fae,27129,DUP-048
operational,operational/FOQ Template/TEMP_HEAT_UP_DOWN_20_50_20.md,{programdata_kb}/FOQ Template/TEMP_HEAT_UP_DOWN_20_50_20.md,1369f2c5d5c05b28cf17a64c10b83bfb3ffda13b9465152ebfb15c643ec883b3,9193,
operational,operational/KB_INDEX.md,{programdata_kb}/KB_INDEX.md,ac28883c1d4478fddff35741ed458f24c47930b9bedb39a7b86a4be6075afd63,16820,
operational,operational/KB_Online_GPT/00_Maintenance/ONLINE_KB_MAINTENANCE_RULES.md,{programdata_kb}/KB_Online_GPT/00_Maintenance/ONLINE_KB_MAINTENANCE_RULES.md,c16777c96fe65602e5a1648d9147c94435c388766aed788da38327c21cd781ab,3940,DUP-049
operational,operational/KB_Online_GPT/00_Maintenance/SMALL_CONTEXT_SOURCE_STATUS.md,{programdata_kb}/KB_Online_GPT/00_Maintenance/SMALL_CONTEXT_SOURCE_STATUS.md,964bfa9a964a2e3286a8b5c4603cc76f8c232b5b1848351a1efdd8158986244f,845,
operational,operational/KB_Online_GPT/00_Maintenance/SOURCE_STATUS.md,{programdata_kb}/KB_Online_GPT/00_Maintenance/SOURCE_STATUS.md,85cd976d949d297d7c3a051dfad691d90f32390091789a47556bcf2ae7f5e768,2424,DUP-050
operational,operational/KB_Online_GPT/00_Maintenance/WEB_MODEL_VALIDATION_20260722.md,{programdata_kb}/KB_Online_GPT/00_Maintenance/WEB_MODEL_VALIDATION_20260722.md,72827f2208e1d1a63af9a9a329559391145fa0be96c7b6dc3dd7c769d815763e,1590,
operational,operational/KB_Online_GPT/01_Build_Sources/Report/BUILD_MANIFEST.md,{programdata_kb}/KB_Online_GPT/01_Build_Sources/Report/BUILD_MANIFEST.md,59ec9142d99855dc19d6157feb1517ec9ce7aa1ebd34d6337582c1c6f11f8962,527,
operational,operational/_long_paths/S001_REPORT_TEMPLATE_CONTRACT_f6c66b22d4252c7a.md,{programdata_kb}/KB_Online_GPT/01_Build_Sources/Report/Common/01_Spec/S001_REPORT_TEMPLATE_CONTRACT.md,b966ce02adc2c9cd3fedc4ccfac41caf2c9a9e093069a3c14767cee6a770b3bd,30286,
operational,operational/_long_paths/S002_REPORT_FORMULA_LANGUAGE_abd5a44543b3d788.md,{programdata_kb}/KB_Online_GPT/01_Build_Sources/Report/Common/01_Spec/S002_REPORT_FORMULA_LANGUAGE.md,5a916d796312b3c405da2d065514ee7b7660ee7572c83f3e512221e4b2f612c3,19212,DUP-051
operational,operational/_long_paths/S003_REPORT_HELP_CATALOG_dc61e999097b561f.md,{programdata_kb}/KB_Online_GPT/01_Build_Sources/Report/Common/01_Spec/S003_REPORT_HELP_CATALOG.md,345f7a5c04ad7b8a8d46d08c4d85aeedb443473157688c0aea40f0851a888485,199548,DUP-052
operational,operational/_long_paths/S004_REPORT_DYNAMIC_TABLE_KB_c7d7eb8e18629900.md,{programdata_kb}/KB_Online_GPT/01_Build_Sources/Report/Common/01_Spec/S004_REPORT_DYNAMIC_TABLE_KB.md,3752825f20351ab6616bb2b21e46beaa6149c850b63abd151f30d74308eed0b6,9703,DUP-053
operational,operational/KB_Online_GPT/01_Build_Sources/Report/Pump/02_Original/VA_PUMP_1_01_02.md,{programdata_kb}/KB_Online_GPT/01_Build_Sources/Report/Pump/02_Original/VA_PUMP_1_01_02.md,523f51ef7c90e98820baa4a6e9554ea147f8cf7028cc37721687acd8f3ef8724,37007,DUP-054
operational,operational/_long_paths/PRESSURE_EVALUATION_243fed6265da849b.md,{programdata_kb}/KB_Online_GPT/01_Build_Sources/Report/TCC/02_Original/PRESSURE_EVALUATION.md,e6e409203c66e9c422097906cf1d5c633bb5785be917d6ed4b5daab78224938d,7092,DUP-055
operational,operational/KB_Online_GPT/01_Build_Sources/Report/TCC/02_Original/VTCC_FORMULAONE.md,{programdata_kb}/KB_Online_GPT/01_Build_Sources/Report/TCC/02_Original/VTCC_FORMULAONE.md,31a99e99cc2c48d2c3574e1818c87b9aaa9da2b26b9ab6531975a5a68a8ac890,31327,DUP-056
operational,operational/KB_Online_GPT/01_Build_Sources/Report/TCC/02_Original/VTCC_FULL.md,{programdata_kb}/KB_Online_GPT/01_Build_Sources/Report/TCC/02_Original/VTCC_FULL.md,6eb5c9a49b6c3c773c0b03816b7c22488f74fcf7690969f673abd1974446ff67,57944,DUP-057
operational,operational/KB_Online_GPT/01_Build_Sources/Report/TCC/03_Summary/TCC_ALIGNMENT.md,{programdata_kb}/KB_Online_GPT/01_Build_Sources/Report/TCC/03_Summary/TCC_ALIGNMENT.md,c357171ea1d33e6dc69a4c0555dcb85bd4ec8d7179b3c144b766588bfa4dbfa7,16302,DUP-058
operational,operational/_long_paths/TCC_METHOD_REPORT_KB_4905b3490df98150.md,{programdata_kb}/KB_Online_GPT/01_Build_Sources/Report/TCC/03_Summary/TCC_METHOD_REPORT_KB.md,a78f3f66b3e342723ecd8a6d372e901d510c4a4d58610047576e9b7e104f36c4,21537,DUP-059
operational,operational/_long_paths/VALVE_PRESSURE_CONTRACT_b4937bb1e9723e35.md,{programdata_kb}/KB_Online_GPT/01_Build_Sources/Report/TCC/03_Summary/VALVE_PRESSURE_CONTRACT.md,ed52bdc197fd5ffc95d3991eaf7d967b8cad8c2f585f5b0e3551e2e342416716,5669,DUP-060
operational,operational/KB_Online_GPT/01_Build_Sources/Report/VAS/02_Original/VAS_3_45.md,{programdata_kb}/KB_Online_GPT/01_Build_Sources/Report/VAS/02_Original/VAS_3_45.md,9a934b9146c5815a7b74474e9352788e720ba4ad5e66f9d038fbbf0360488666,23171,DUP-061
operational,operational/KB_Online_GPT/01_Build_Sources/Report/VVWD/02_Original/VVWD_2_31.md,{programdata_kb}/KB_Online_GPT/01_Build_Sources/Report/VVWD/02_Original/VVWD_2_31.md,7261c67741edabf14048efdfa44cabcb70c25b33e811a2f46775cb19633895cd,104219,
operational,operational/KB_Online_GPT/01_Build_Sources/RID/Method/01_Spec/S001.md,{programdata_kb}/KB_Online_GPT/01_Build_Sources/RID/Method/01_Spec/S001.md,78fd24875395effb8a033a6281db99dd4a34a753e23b9ce4b89838a2e6739179,28571,DUP-062
operational,operational/KB_Online_GPT/01_Build_Sources/RID/Method/01_Spec/S002.md,{programdata_kb}/KB_Online_GPT/01_Build_Sources/RID/Method/01_Spec/S002.md,25a69bd57690910c118256d1b2390ff26d2722205ea3efb4dbc1da7166f04893,12998,DUP-010
operational,operational/KB_Online_GPT/01_Build_Sources/RID/Method/01_Spec/S003.md,{programdata_kb}/KB_Online_GPT/01_Build_Sources/RID/Method/01_Spec/S003.md,77ed968709db93223b7976508ce113b780b964f4bcf50b028387c572ebf3fc7a,2864,DUP-063
operational,operational/KB_Online_GPT/01_Build_Sources/RID/Method/03_Summary/B001.md,{programdata_kb}/KB_Online_GPT/01_Build_Sources/RID/Method/03_Summary/B001.md,b99c8317d0b07a11c65b014016bfa44125313f5bb99db4785b4e4f9d65dfcb4e,28749,DUP-022
operational,operational/KB_Online_GPT/01_Build_Sources/RID/Method/03_Summary/B002.md,{programdata_kb}/KB_Online_GPT/01_Build_Sources/RID/Method/03_Summary/B002.md,13aeaa94f93bbe973c96a6ae816079568f994c556f9c34aa705efbefda161a44,6952,DUP-021
operational,operational/KB_Online_GPT/01_Build_Sources/RID/Method/SOURCE_MANIFEST.md,{programdata_kb}/KB_Online_GPT/01_Build_Sources/RID/Method/SOURCE_MANIFEST.md,d5fce6168135b1a59e08e7f776b3544bfbebb50063964c8c8f39fcfa706230ab,340,
operational,operational/KB_Online_GPT/01_Build_Sources/TCC/Method/01_Spec/S001.md,{programdata_kb}/KB_Online_GPT/01_Build_Sources/TCC/Method/01_Spec/S001.md,78fd24875395effb8a033a6281db99dd4a34a753e23b9ce4b89838a2e6739179,28571,DUP-062
operational,operational/KB_Online_GPT/01_Build_Sources/TCC/Method/01_Spec/S002.md,{programdata_kb}/KB_Online_GPT/01_Build_Sources/TCC/Method/01_Spec/S002.md,25a69bd57690910c118256d1b2390ff26d2722205ea3efb4dbc1da7166f04893,12998,DUP-010
operational,operational/KB_Online_GPT/01_Build_Sources/TCC/Method/01_Spec/S003.md,{programdata_kb}/KB_Online_GPT/01_Build_Sources/TCC/Method/01_Spec/S003.md,77ed968709db93223b7976508ce113b780b964f4bcf50b028387c572ebf3fc7a,2864,DUP-063
operational,operational/KB_Online_GPT/01_Build_Sources/TCC/Method/03_Summary/B001.md,{programdata_kb}/KB_Online_GPT/01_Build_Sources/TCC/Method/03_Summary/B001.md,90d860d58f7c98cfb631957ad07cea8e865b22f0a1f1ca54c7a3413fc916cb10,14046,DUP-034
operational,operational/KB_Online_GPT/01_Build_Sources/TCC/Method/03_Summary/B002.md,{programdata_kb}/KB_Online_GPT/01_Build_Sources/TCC/Method/03_Summary/B002.md,c11e057204fc8daa58e9928329009fb065940af5b0b44509d45cadcad437c925,19265,DUP-041
operational,operational/KB_Online_GPT/01_Build_Sources/TCC/Method/03_Summary/B003.md,{programdata_kb}/KB_Online_GPT/01_Build_Sources/TCC/Method/03_Summary/B003.md,e6e5fc429bea16deb2029569c5e9abc99fd5910e0fd1752a5421a0869d251e28,16004,DUP-045
operational,operational/KB_Online_GPT/01_Build_Sources/TCC/Method/03_Summary/B004.md,{programdata_kb}/KB_Online_GPT/01_Build_Sources/TCC/Method/03_Summary/B004.md,eea925587e4df2b1b52f7d00b374b0459653b9a07838392eab7578e3a114d64c,11444,DUP-032
operational,operational/KB_Online_GPT/01_Build_Sources/TCC/Method/03_Summary/B005.md,{programdata_kb}/KB_Online_GPT/01_Build_Sources/TCC/Method/03_Summary/B005.md,2f09df0953ac61799dece26302a84b6f1fe5234cc88a71b58ebf016f06c5833d,27542,DUP-033
operational,operational/KB_Online_GPT/01_Build_Sources/TCC/Method/03_Summary/B006.md,{programdata_kb}/KB_Online_GPT/01_Build_Sources/TCC/Method/03_Summary/B006.md,112c0740264fa8d6416bae715c6422ac212c573b16efd650767a2695b28fcc24,21796,DUP-031
operational,operational/KB_Online_GPT/01_Build_Sources/TCC/Method/03_Summary/B007.md,{programdata_kb}/KB_Online_GPT/01_Build_Sources/TCC/Method/03_Summary/B007.md,0cc0e2e8460ef719e3a23d883574b2889209387a0d50eb4231090d53ba5555bb,19661,DUP-040
operational,operational/KB_Online_GPT/01_Build_Sources/TCC/Method/03_Summary/B008.md,{programdata_kb}/KB_Online_GPT/01_Build_Sources/TCC/Method/03_Summary/B008.md,81d7afb4cb4d742a51f377a772efe47b34361864a4fcee19cd43ecf286f1192f,19555,DUP-043
operational,operational/KB_Online_GPT/01_Build_Sources/TCC/Method/03_Summary/B009.md,{programdata_kb}/KB_Online_GPT/01_Build_Sources/TCC/Method/03_Summary/B009.md,0bea3814392912cc2b825bb9596ebd148df433294874baaa2df1df6667420692,17435,DUP-037
operational,operational/KB_Online_GPT/01_Build_Sources/TCC/Method/03_Summary/B010.md,{programdata_kb}/KB_Online_GPT/01_Build_Sources/TCC/Method/03_Summary/B010.md,0405660f17ed35e549c8bec1d196b537859d8ce7d5868869e0e7d8e268923484,14584,DUP-038
operational,operational/KB_Online_GPT/01_Build_Sources/TCC/Method/03_Summary/B011.md,{programdata_kb}/KB_Online_GPT/01_Build_Sources/TCC/Method/03_Summary/B011.md,2c0099d79bb99885da753c7170f69b50ef0ab0cdc90a8e3a580969313a2d1aa6,10763,DUP-042
operational,operational/KB_Online_GPT/01_Build_Sources/TCC/Method/03_Summary/B012.md,{programdata_kb}/KB_Online_GPT/01_Build_Sources/TCC/Method/03_Summary/B012.md,ed160db75b6c4412856ff6da75e0098b634da70e2e6b989b733c3b78a0f9038c,16525,DUP-036
operational,operational/KB_Online_GPT/01_Build_Sources/TCC/Method/03_Summary/B013.md,{programdata_kb}/KB_Online_GPT/01_Build_Sources/TCC/Method/03_Summary/B013.md,46eef18dd6d81d40923f535effae58a2caa35ac9447f62ec95dc24387e1435c1,9906,DUP-035
operational,operational/KB_Online_GPT/01_Build_Sources/TCC/Method/03_Summary/D001.md,{programdata_kb}/KB_Online_GPT/01_Build_Sources/TCC/Method/03_Summary/D001.md,adff1f407c185ca0c70594e6352cdb2b2c1207d9af582826f2e505737d6ee59a,15405,DUP-024
operational,operational/KB_Online_GPT/01_Build_Sources/TCC/Method/03_Summary/D002.md,{programdata_kb}/KB_Online_GPT/01_Build_Sources/TCC/Method/03_Summary/D002.md,dfde2580690185d7c2626f33c025d2079e6252461f33339ad821bd3d27cc62c6,12267,DUP-025
operational,operational/KB_Online_GPT/01_Build_Sources/TCC/Method/03_Summary/D003.md,{programdata_kb}/KB_Online_GPT/01_Build_Sources/TCC/Method/03_Summary/D003.md,0e23a8d813c3f10407a0431d2f21cd09cfcff3f9a87f4e3153c84f22fdbb1fa3,14328,DUP-026
operational,operational/KB_Online_GPT/01_Build_Sources/TCC/Method/03_Summary/D004.md,{programdata_kb}/KB_Online_GPT/01_Build_Sources/TCC/Method/03_Summary/D004.md,a82000a161a20a75cf27242defc2a7e2d9dc20b7b44ed999cb53f4045cacfaa6,13931,DUP-027
operational,operational/KB_Online_GPT/01_Build_Sources/TCC/Method/03_Summary/D005.md,{programdata_kb}/KB_Online_GPT/01_Build_Sources/TCC/Method/03_Summary/D005.md,546449066be58eee3203e2da3354b5a5a9055f8a641c404e38b320c2087086ae,13512,DUP-028
operational,operational/KB_Online_GPT/01_Build_Sources/TCC/Method/03_Summary/D006.md,{programdata_kb}/KB_Online_GPT/01_Build_Sources/TCC/Method/03_Summary/D006.md,a54ad0c53c0210f61ee89c21e3eebc701725c093cce8643636c70678b0f2c167,11898,DUP-029
operational,operational/KB_Online_GPT/01_Build_Sources/TCC/Method/03_Summary/D007.md,{programdata_kb}/KB_Online_GPT/01_Build_Sources/TCC/Method/03_Summary/D007.md,2692f8a22756401c72a39365659a758d1fb5bc904fe939c713a9b0bdcd15519f,17075,DUP-030
operational,operational/KB_Online_GPT/01_Build_Sources/TCC/Method/03_Summary/K001.md,{programdata_kb}/KB_Online_GPT/01_Build_Sources/TCC/Method/03_Summary/K001.md,8c78c64ee1f8d6ade5e46bd733f40af79da9803ba7f847631aad0451e40bd07f,16046,DUP-023
operational,operational/KB_Online_GPT/01_Build_Sources/TCC/Method/03_Summary/K002.md,{programdata_kb}/KB_Online_GPT/01_Build_Sources/TCC/Method/03_Summary/K002.md,e036cb72a3b9f7217760e4ca498bb64e2b728b4b1f8a8f7913217d3ac129c656,35460,DUP-039
operational,operational/KB_Online_GPT/01_Build_Sources/TCC/Method/03_Summary/K003.md,{programdata_kb}/KB_Online_GPT/01_Build_Sources/TCC/Method/03_Summary/K003.md,5d6b5c535a71d3acc6e3d2f459d5f5e3aa0408b68c51b67c1ef3b731dcdbd300,15943,DUP-044
operational,operational/KB_Online_GPT/01_Build_Sources/TCC/Method/03_Summary/K004.md,{programdata_kb}/KB_Online_GPT/01_Build_Sources/TCC/Method/03_Summary/K004.md,42fe1843c51e2cbfed60fbf9565012a09d94d28fe572610b8dea0c3a5d0f6b61,3311,DUP-064
operational,operational/KB_Online_GPT/01_Build_Sources/TCC/Method/Small_Context/BUILD_MANIFEST.md,{programdata_kb}/KB_Online_GPT/01_Build_Sources/TCC/Method/Small_Context/BUILD_MANIFEST.md,433a40439e4482c5d2ece91fa98a65089c59c782909bb3d3bab1326d5007b2c0,1380,
operational,operational/_long_paths/COMPACT_BUILD_MANIFEST_ca5ff7315e6810ef.md,{programdata_kb}/KB_Online_GPT/01_Build_Sources/TCC/Method/Small_Context/COMPACT_BUILD_MANIFEST.md,1aa6daadd2ff2b61d9f5552903865a1f3bf9b98f220dc50c2fdcbad1a4e44e68,1380,
operational,operational/KB_Online_GPT/01_Build_Sources/TCC/Method/SOURCE_MANIFEST.md,{programdata_kb}/KB_Online_GPT/01_Build_Sources/TCC/Method/SOURCE_MANIFEST.md,f330065626510f33e58523731193294e392219acbce075fdf6a9c81537f0edd2,18533,
operational,operational/KB_Online_GPT/01_Build_Sources/VAS/Method/01_Spec/S001.md,{programdata_kb}/KB_Online_GPT/01_Build_Sources/VAS/Method/01_Spec/S001.md,c9cf167575342a818e176f1bb7178075a686f529d9c837f15b460597ee10ba1d,27271,
operational,operational/KB_Online_GPT/01_Build_Sources/VAS/Method/01_Spec/S002.md,{programdata_kb}/KB_Online_GPT/01_Build_Sources/VAS/Method/01_Spec/S002.md,25a69bd57690910c118256d1b2390ff26d2722205ea3efb4dbc1da7166f04893,12998,DUP-010
operational,operational/KB_Online_GPT/01_Build_Sources/VAS/Method/01_Spec/S003.md,{programdata_kb}/KB_Online_GPT/01_Build_Sources/VAS/Method/01_Spec/S003.md,77ed968709db93223b7976508ce113b780b964f4bcf50b028387c572ebf3fc7a,2864,DUP-063
operational,operational/KB_Online_GPT/01_Build_Sources/VAS/Method/03_Summary/B000.md,{programdata_kb}/KB_Online_GPT/01_Build_Sources/VAS/Method/03_Summary/B000.md,d51e2fe327394e575407c0cdfda10c4e8af8e3fa8984dffe5245631dc047b98a,10795,
operational,operational/KB_Online_GPT/01_Build_Sources/VAS/Method/03_Summary/B001.md,{programdata_kb}/KB_Online_GPT/01_Build_Sources/VAS/Method/03_Summary/B001.md,eb76eee0864ae397ae482c34565368a48e6a17ced84bb67d2b921df9effcd466,15331,
operational,operational/KB_Online_GPT/01_Build_Sources/VAS/Method/03_Summary/B002.md,{programdata_kb}/KB_Online_GPT/01_Build_Sources/VAS/Method/03_Summary/B002.md,8f32422d80aec993f675f2107a1d7f56c21eac889e6b85499762e0f29b380a07,78500,
operational,operational/KB_Online_GPT/01_Build_Sources/VAS/Method/03_Summary/B003.md,{programdata_kb}/KB_Online_GPT/01_Build_Sources/VAS/Method/03_Summary/B003.md,3b1291014ac69c45d12903ad96a61dff3b34afddd29291bc70776b4110885927,21719,
operational,operational/KB_Online_GPT/01_Build_Sources/VAS/Method/03_Summary/B004.md,{programdata_kb}/KB_Online_GPT/01_Build_Sources/VAS/Method/03_Summary/B004.md,df71677d011fdde141e0fa29393c90105d2c17d0ac61a844321666e5c8c64092,30294,
operational,operational/KB_Online_GPT/01_Build_Sources/VAS/Method/03_Summary/B005.md,{programdata_kb}/KB_Online_GPT/01_Build_Sources/VAS/Method/03_Summary/B005.md,c4b3645d0eddd9013047af9f0cee30654856e89517842fe9f5a669cd90ce0e78,33951,
operational,operational/KB_Online_GPT/01_Build_Sources/VAS/Method/03_Summary/B006.md,{programdata_kb}/KB_Online_GPT/01_Build_Sources/VAS/Method/03_Summary/B006.md,ee9077b4938d5f7f0796ad356b3e4d22f1467f9b634c7c6398a319f57b161646,30346,
operational,operational/KB_Online_GPT/01_Build_Sources/VAS/Method/03_Summary/B007.md,{programdata_kb}/KB_Online_GPT/01_Build_Sources/VAS/Method/03_Summary/B007.md,9b4103600f0257357118543c547926c9f81fc6ca1b1f78a971b966bcf543d819,12400,
operational,operational/KB_Online_GPT/01_Build_Sources/VAS/Method/03_Summary/B008.md,{programdata_kb}/KB_Online_GPT/01_Build_Sources/VAS/Method/03_Summary/B008.md,d44a13d93e143e8ead9269928f57b81b9a83f40f47ef2a09a448168261c645e8,10554,
operational,operational/KB_Online_GPT/01_Build_Sources/VAS/Method/03_Summary/B009.md,{programdata_kb}/KB_Online_GPT/01_Build_Sources/VAS/Method/03_Summary/B009.md,ee05614567bff93d1758e1d5d19207adb10f00d084906017cb9740df95d22665,28509,
operational,operational/KB_Online_GPT/01_Build_Sources/VAS/Method/03_Summary/B010.md,{programdata_kb}/KB_Online_GPT/01_Build_Sources/VAS/Method/03_Summary/B010.md,c3e7ee3ad6c2b8ea9d06c2f7575d5a0deb042500c0d168d9f264beaf10eda3b9,12033,
operational,operational/KB_Online_GPT/01_Build_Sources/VAS/Method/03_Summary/B011.md,{programdata_kb}/KB_Online_GPT/01_Build_Sources/VAS/Method/03_Summary/B011.md,e9d3d5e5b5d958167ca058c111dae2c85e987137cb4b98b719c24a01da0ac5c2,30109,
operational,operational/KB_Online_GPT/01_Build_Sources/VAS/Method/03_Summary/B012.md,{programdata_kb}/KB_Online_GPT/01_Build_Sources/VAS/Method/03_Summary/B012.md,7e57ec459ac0c4a766a260bbf2ecf644ad0abe68322ae60f9b4fe0b741b0d526,15679,
operational,operational/KB_Online_GPT/01_Build_Sources/VAS/Method/03_Summary/B013.md,{programdata_kb}/KB_Online_GPT/01_Build_Sources/VAS/Method/03_Summary/B013.md,e69b3eee8bdaf7ff605244388e2dd4cd05d239a72c5d304bc004782ea1e733a7,42603,
operational,operational/KB_Online_GPT/01_Build_Sources/VAS/Method/03_Summary/B014.md,{programdata_kb}/KB_Online_GPT/01_Build_Sources/VAS/Method/03_Summary/B014.md,fdf0df5e12c575629045567ab7becd0852e9ef53c4e20c9ca0c32d4ea3838fc8,29389,
operational,operational/KB_Online_GPT/01_Build_Sources/VAS/Method/03_Summary/B015.md,{programdata_kb}/KB_Online_GPT/01_Build_Sources/VAS/Method/03_Summary/B015.md,2713887d0eda622866a53c03bb5958209b44cb645457d1d736d20e650840bdd8,29865,
operational,operational/KB_Online_GPT/01_Build_Sources/VAS/Method/03_Summary/B016.md,{programdata_kb}/KB_Online_GPT/01_Build_Sources/VAS/Method/03_Summary/B016.md,6ba5ff690ed7d466098a0fb7e29c2a2c7325ee4e612c9a749bd6a6f571633019,31616,
operational,operational/KB_Online_GPT/01_Build_Sources/VAS/Method/03_Summary/B017.md,{programdata_kb}/KB_Online_GPT/01_Build_Sources/VAS/Method/03_Summary/B017.md,03555b23239ffb9ee7a6c2b8a59f8375e7f609f1a5a7f60dfdda85f589097bbe,19889,
operational,operational/KB_Online_GPT/01_Build_Sources/VAS/Method/03_Summary/B018.md,{programdata_kb}/KB_Online_GPT/01_Build_Sources/VAS/Method/03_Summary/B018.md,b913cc35ca6db573bb7e0a41e79d7a0b0c05e3a43ce9791f16d803753a889862,44382,
operational,operational/KB_Online_GPT/01_Build_Sources/VAS/Method/03_Summary/B019.md,{programdata_kb}/KB_Online_GPT/01_Build_Sources/VAS/Method/03_Summary/B019.md,cf5d3238cfaa58b0d60a6f958debc1545dd23c0ae2528c4a9cd18ee9386bdce0,24471,
operational,operational/KB_Online_GPT/01_Build_Sources/VAS/Method/SMALL_CONTEXT_MANIFEST.md,{programdata_kb}/KB_Online_GPT/01_Build_Sources/VAS/Method/SMALL_CONTEXT_MANIFEST.md,b76318fa233cfa73897f27df917607db47ec655e96a0a65e0c751d297972dc52,247,
operational,operational/KB_Online_GPT/01_Build_Sources/VAS/Method/SOURCE_ALIAS_MAP.md,{programdata_kb}/KB_Online_GPT/01_Build_Sources/VAS/Method/SOURCE_ALIAS_MAP.md,5bac10ad3dcc44550968067d1b8ac669320557958dc4584c498edf915471dc81,2248,
operational,operational/KB_Online_GPT/01_Build_Sources/VAS/Method/SOURCE_MANIFEST.md,{programdata_kb}/KB_Online_GPT/01_Build_Sources/VAS/Method/SOURCE_MANIFEST.md,5fd0659efa00d09f242fc7b3ad84e70b82ceb33ff3bed79e1866955adfb8cb1c,265,
operational,operational/KB_Online_GPT/02_Full_Context/Report/01_REPORT_SPEC.md,{programdata_kb}/KB_Online_GPT/02_Full_Context/Report/01_REPORT_SPEC.md,ec3335e1302c27492563f759e705da710dfa20953ad4dffeb167e02f6bf7aa7c,165888,DUP-065
operational,operational/KB_Online_GPT/02_Full_Context/Report/Pump/02_REPORT_ORIGINAL_TEMPLATES.md,{programdata_kb}/KB_Online_GPT/02_Full_Context/Report/Pump/02_REPORT_ORIGINAL_TEMPLATES.md,95b629518fa04a8fcabfcd42a829757090d8c88cf33b2e5a50545375961ed261,37374,DUP-066
operational,operational/KB_Online_GPT/02_Full_Context/Report/Pump/03_REPORT_SUMMARIES.md,{programdata_kb}/KB_Online_GPT/02_Full_Context/Report/Pump/03_REPORT_SUMMARIES.md,bf131aa01313afdc6d227679bfe8d99f92fc95ecad1bc0b55d9aa9b77fc64562,424,DUP-067
operational,operational/KB_Online_GPT/02_Full_Context/Report/TCC/02_REPORT_ORIGINAL_TEMPLATES.md,{programdata_kb}/KB_Online_GPT/02_Full_Context/Report/TCC/02_REPORT_ORIGINAL_TEMPLATES.md,4ffd3f9921aa96d700358e5483e52843dcc56bc21f20c99bbebbbc2da3c0f50d,96987,DUP-068
operational,operational/KB_Online_GPT/02_Full_Context/Report/TCC/03_REPORT_SUMMARIES.md,{programdata_kb}/KB_Online_GPT/02_Full_Context/Report/TCC/03_REPORT_SUMMARIES.md,c7842ced95fd0c9b5447be8bb7994238e3fd51e4efa643895d9d2be4caf60643,45464,DUP-069
operational,operational/KB_Online_GPT/02_Full_Context/Report/VAS/02_REPORT_ORIGINAL_TEMPLATES.md,{programdata_kb}/KB_Online_GPT/02_Full_Context/Report/VAS/02_REPORT_ORIGINAL_TEMPLATES.md,a001dbb8fb9128bf2438d58cffd41c4f07a900b332c8d6153713927ed6902ac2,23511,DUP-070
operational,operational/KB_Online_GPT/02_Full_Context/Report/VAS/03_REPORT_SUMMARIES.md,{programdata_kb}/KB_Online_GPT/02_Full_Context/Report/VAS/03_REPORT_SUMMARIES.md,e5ba32140f6a901ca47aa5f7515a67ee09d538b0785a019868b754f73148dc9b,422,DUP-071
operational,operational/KB_Online_GPT/02_Full_Context/Report/VVWD/02_REPORT_ORIGINAL_TEMPLATES.md,{programdata_kb}/KB_Online_GPT/02_Full_Context/Report/VVWD/02_REPORT_ORIGINAL_TEMPLATES.md,b014007416e884f72b1c254ac47a407af9bc7800b8af35e27f5781e0d64f9d03,104569,DUP-072
operational,operational/KB_Online_GPT/02_Full_Context/Report/VVWD/03_REPORT_SUMMARIES.md,{programdata_kb}/KB_Online_GPT/02_Full_Context/Report/VVWD/03_REPORT_SUMMARIES.md,f66af70e316fb786f31da4251fc22c4c58d047150036d5c01e0f5f566612b1df,424,DUP-073
operational,operational/KB_Online_GPT/02_Full_Context/RID/Method/01_METHOD_SPEC.md,{programdata_kb}/KB_Online_GPT/02_Full_Context/RID/Method/01_METHOD_SPEC.md,b0ea73efa71a7c67f072f6a542006f6712a18b799a0c6f17ce640ed68b7f82ed,49490,DUP-074
operational,operational/KB_Online_GPT/02_Full_Context/RID/Method/02_METHOD_ORIGINAL_SCRIPTS.md,{programdata_kb}/KB_Online_GPT/02_Full_Context/RID/Method/02_METHOD_ORIGINAL_SCRIPTS.md,4ac17d1db2e0a2efb8555dd195977b02d0052c8cbf8aa093b0df270166ca0071,18708,DUP-075
operational,operational/KB_Online_GPT/02_Full_Context/RID/Method/03_METHOD_SUMMARIES.md,{programdata_kb}/KB_Online_GPT/02_Full_Context/RID/Method/03_METHOD_SUMMARIES.md,95dae9effffe5b9d4515c0651b9e1856edc5f832a820fad1216d2f545d5cb1df,37655,
operational,operational/KB_Online_GPT/02_Full_Context/TCC/Method/01_METHOD_SPEC.md,{programdata_kb}/KB_Online_GPT/02_Full_Context/TCC/Method/01_METHOD_SPEC.md,b0ea73efa71a7c67f072f6a542006f6712a18b799a0c6f17ce640ed68b7f82ed,49490,DUP-074
operational,operational/KB_Online_GPT/02_Full_Context/TCC/Method/02_METHOD_ORIGINAL_SCRIPTS.md,{programdata_kb}/KB_Online_GPT/02_Full_Context/TCC/Method/02_METHOD_ORIGINAL_SCRIPTS.md,5b94bd1c9f441c1bfb5692e13d04c8f010be45afba8c40fa988345274ae4f098,298361,
operational,operational/KB_Online_GPT/02_Full_Context/TCC/Method/03_METHOD_SUMMARIES.md,{programdata_kb}/KB_Online_GPT/02_Full_Context/TCC/Method/03_METHOD_SUMMARIES.md,bdae6f9bc21122fa36fa277a4fa1e0b7dc977e87de5dd18b0d02e1afa9345e87,405863,
operational,operational/KB_Online_GPT/02_Full_Context/VAS/Method/01_METHOD_SPEC.md,{programdata_kb}/KB_Online_GPT/02_Full_Context/VAS/Method/01_METHOD_SPEC.md,b0ea73efa71a7c67f072f6a542006f6712a18b799a0c6f17ce640ed68b7f82ed,49490,DUP-074
operational,operational/KB_Online_GPT/02_Full_Context/VAS/Method/02_METHOD_ORIGINAL_SCRIPTS.md,{programdata_kb}/KB_Online_GPT/02_Full_Context/VAS/Method/02_METHOD_ORIGINAL_SCRIPTS.md,cb587752f469a03a611618d3237d1b6ceb4b2e27b1b8ed50944403b75bf31a47,105486,DUP-076
operational,operational/KB_Online_GPT/02_Full_Context/VAS/Method/03_METHOD_SUMMARIES.md,{programdata_kb}/KB_Online_GPT/02_Full_Context/VAS/Method/03_METHOD_SUMMARIES.md,59dee411ceb1f2fcd4dcd66e7d7081dd87d37d91cb3dd5d12f2e4062699408a8,600062,
operational,operational/KB_Online_GPT/03_Small_Context/Report/01_REPORT_SPEC.md,{programdata_kb}/KB_Online_GPT/03_Small_Context/Report/01_REPORT_SPEC.md,ec3335e1302c27492563f759e705da710dfa20953ad4dffeb167e02f6bf7aa7c,165888,DUP-065
operational,operational/KB_Online_GPT/03_Small_Context/Report/Pump/02_REPORT_ORIGINAL_TEMPLATES.md,{programdata_kb}/KB_Online_GPT/03_Small_Context/Report/Pump/02_REPORT_ORIGINAL_TEMPLATES.md,95b629518fa04a8fcabfcd42a829757090d8c88cf33b2e5a50545375961ed261,37374,DUP-066
operational,operational/KB_Online_GPT/03_Small_Context/Report/Pump/03_REPORT_SUMMARIES.md,{programdata_kb}/KB_Online_GPT/03_Small_Context/Report/Pump/03_REPORT_SUMMARIES.md,bf131aa01313afdc6d227679bfe8d99f92fc95ecad1bc0b55d9aa9b77fc64562,424,DUP-067
operational,operational/KB_Online_GPT/03_Small_Context/Report/TCC/02_REPORT_ORIGINAL_TEMPLATES.md,{programdata_kb}/KB_Online_GPT/03_Small_Context/Report/TCC/02_REPORT_ORIGINAL_TEMPLATES.md,4ffd3f9921aa96d700358e5483e52843dcc56bc21f20c99bbebbbc2da3c0f50d,96987,DUP-068
operational,operational/KB_Online_GPT/03_Small_Context/Report/TCC/03_REPORT_SUMMARIES.md,{programdata_kb}/KB_Online_GPT/03_Small_Context/Report/TCC/03_REPORT_SUMMARIES.md,c7842ced95fd0c9b5447be8bb7994238e3fd51e4efa643895d9d2be4caf60643,45464,DUP-069
operational,operational/KB_Online_GPT/03_Small_Context/Report/VAS/02_REPORT_ORIGINAL_TEMPLATES.md,{programdata_kb}/KB_Online_GPT/03_Small_Context/Report/VAS/02_REPORT_ORIGINAL_TEMPLATES.md,a001dbb8fb9128bf2438d58cffd41c4f07a900b332c8d6153713927ed6902ac2,23511,DUP-070
operational,operational/KB_Online_GPT/03_Small_Context/Report/VAS/03_REPORT_SUMMARIES.md,{programdata_kb}/KB_Online_GPT/03_Small_Context/Report/VAS/03_REPORT_SUMMARIES.md,e5ba32140f6a901ca47aa5f7515a67ee09d538b0785a019868b754f73148dc9b,422,DUP-071
operational,operational/KB_Online_GPT/03_Small_Context/Report/VVWD/02_REPORT_ORIGINAL_TEMPLATES.md,{programdata_kb}/KB_Online_GPT/03_Small_Context/Report/VVWD/02_REPORT_ORIGINAL_TEMPLATES.md,b014007416e884f72b1c254ac47a407af9bc7800b8af35e27f5781e0d64f9d03,104569,DUP-072
operational,operational/KB_Online_GPT/03_Small_Context/Report/VVWD/03_REPORT_SUMMARIES.md,{programdata_kb}/KB_Online_GPT/03_Small_Context/Report/VVWD/03_REPORT_SUMMARIES.md,f66af70e316fb786f31da4251fc22c4c58d047150036d5c01e0f5f566612b1df,424,DUP-073
operational,operational/KB_Online_GPT/03_Small_Context/RID/Method/01_METHOD_SPEC.md,{programdata_kb}/KB_Online_GPT/03_Small_Context/RID/Method/01_METHOD_SPEC.md,b0ea73efa71a7c67f072f6a542006f6712a18b799a0c6f17ce640ed68b7f82ed,49490,DUP-074
operational,operational/KB_Online_GPT/03_Small_Context/RID/Method/02_METHOD_ORIGINAL_SCRIPTS.md,{programdata_kb}/KB_Online_GPT/03_Small_Context/RID/Method/02_METHOD_ORIGINAL_SCRIPTS.md,4ac17d1db2e0a2efb8555dd195977b02d0052c8cbf8aa093b0df270166ca0071,18708,DUP-075
operational,operational/KB_Online_GPT/03_Small_Context/RID/Method/03_METHOD_SUMMARIES.md,{programdata_kb}/KB_Online_GPT/03_Small_Context/RID/Method/03_METHOD_SUMMARIES.md,c46c28155a1bcc40dc1067158704322c0aed3dc500a9789c6b7d9606e09d5a49,27725,
operational,operational/KB_Online_GPT/03_Small_Context/TCC/Method/01_METHOD_SPEC.md,{programdata_kb}/KB_Online_GPT/03_Small_Context/TCC/Method/01_METHOD_SPEC.md,b0ea73efa71a7c67f072f6a542006f6712a18b799a0c6f17ce640ed68b7f82ed,49490,DUP-074
operational,operational/KB_Online_GPT/03_Small_Context/TCC/Method/02_METHOD_ORIGINAL_SCRIPTS.md,{programdata_kb}/KB_Online_GPT/03_Small_Context/TCC/Method/02_METHOD_ORIGINAL_SCRIPTS.md,55eca9242436c04a55009b4f4c6420dd0bad9e20d1912813d84b89e2eaabe540,171347,
operational,operational/KB_Online_GPT/03_Small_Context/TCC/Method/03_METHOD_SUMMARIES.md,{programdata_kb}/KB_Online_GPT/03_Small_Context/TCC/Method/03_METHOD_SUMMARIES.md,809321d4e1856b538ebb065892829145181e90fd836bce79c183eb54c03b5ba0,178626,
operational,operational/KB_Online_GPT/03_Small_Context/VAS/Method/01_METHOD_SPEC.md,{programdata_kb}/KB_Online_GPT/03_Small_Context/VAS/Method/01_METHOD_SPEC.md,b0ea73efa71a7c67f072f6a542006f6712a18b799a0c6f17ce640ed68b7f82ed,49490,DUP-074
operational,operational/KB_Online_GPT/03_Small_Context/VAS/Method/02_METHOD_ORIGINAL_SCRIPTS.md,{programdata_kb}/KB_Online_GPT/03_Small_Context/VAS/Method/02_METHOD_ORIGINAL_SCRIPTS.md,cb587752f469a03a611618d3237d1b6ceb4b2e27b1b8ed50944403b75bf31a47,105486,DUP-076
operational,operational/KB_Online_GPT/03_Small_Context/VAS/Method/03_METHOD_SUMMARIES.md,{programdata_kb}/KB_Online_GPT/03_Small_Context/VAS/Method/03_METHOD_SUMMARIES.md,e45e97e99ee7f4cee98a97dd27e9908a05b084872decbf3f3450abbc3662d2d3,138030,
operational,operational/KB_Online_GPT/README.md,{programdata_kb}/KB_Online_GPT/README.md,5a4cea3dc910603a2894f39fde24e3e93fd24958a1a695124137f464702f5207,2585,DUP-077
operational,operational/_long_paths/BI_VASC_Cooled_STOPFLOW_fafb8a90c840b75b.md,{programdata_kb}/Method Script Generator/Autosampler/FOQ_TD_Original_Script/BI_VASC_Cooled_STOPFLOW.md,e373a4ff8de5621a51af74ae34a938ce12501e8630f0f1d9838f7fc2a5aab52e,2613,
operational,operational/_long_paths/FOQ_VASA_Auto_Leak_Test_eb2d42a7787c8b31.md,{programdata_kb}/Method Script Generator/Autosampler/FOQ_TD_Original_Script/FOQ_VASA_Auto_Leak_Test.md,5542948e6843d082ffe28fce2dc33509fc660812e8e90b322274ee58e2b318dd,15775,
operational,operational/_long_paths/FOQ_VASA_Cooled_CO_End_6869a21443e8889d.md,{programdata_kb}/Method Script Generator/Autosampler/FOQ_TD_Original_Script/FOQ_VASA_Cooled_CO_End.md,339c67d442e1dc33f325d0173a3d5d4083b5087b18d3b1b69dbc0e1eb00cba10,4314,
operational,operational/_long_paths/FOQ_VASA_Cooled_CO_RC_7513773ba163ca3c.md,{programdata_kb}/Method Script Generator/Autosampler/FOQ_TD_Original_Script/FOQ_VASA_Cooled_CO_RC.md,82a6df6553e20124c2b2718e572edd87bb41f55d523be128a007c5b887c1be4f,5845,
operational,operational/_long_paths/FOQ_VASA_Cooled_CO_RC_Fill_Ref_Vials_476ba6f3bdda5e94.md,{programdata_kb}/Method Script Generator/Autosampler/FOQ_TD_Original_Script/FOQ_VASA_Cooled_CO_RC_Fill_Ref_Vials.md,3f0c1eb92c6588a90bb32ed65206740cbbea4fecbb0593d5b1b837ce96207c00,6871,
operational,operational/_long_paths/FOQ_VASA_Cooled_CO_RC_Solv_Ref_04259f2f4ecbfae7.md,{programdata_kb}/Method Script Generator/Autosampler/FOQ_TD_Original_Script/FOQ_VASA_Cooled_CO_RC_Solv_Ref.md,933257da4b79e5d7d4f5f724bddd34ca1ffb2d9d49faa450743a3146a016a87f,5854,
operational,operational/_long_paths/FOQ_VASA_Cooled_equilibration_627d672090d47b22.md,{programdata_kb}/Method Script Generator/Autosampler/FOQ_TD_Original_Script/FOQ_VASA_Cooled_equilibration.md,081121ed521f72354a2314b2452e13a7d24abfa85aff1e4f409a9c339e156ff1,2233,
operational,operational/_long_paths/FOQ_VASA_Cooled_ExceptionLog_Clear_a7303bdbc6387a0e.md,{programdata_kb}/Method Script Generator/Autosampler/FOQ_TD_Original_Script/FOQ_VASA_Cooled_ExceptionLog_Clear.md,a647231a4523a7b4d87cb917327a79cca4b900b643a1d3c2e285c7207f9276a6,1697,
operational,operational/_long_paths/FOQ_VASA_Cooled_Flow_adjustment_restriction_capi_ac10a33221265c37.md,{programdata_kb}/Method Script Generator/Autosampler/FOQ_TD_Original_Script/FOQ_VASA_Cooled_Flow_adjustment_restriction_capillary.md,9f621ba982ae197ae9ed6ceda2d644b11fd7957a39a96fc5f1e9526b3840f39c,5902,
operational,operational/_long_paths/FOQ_VASA_Cooled_IN_RELAY_VWD_cfdd59f2259e23f0.md,{programdata_kb}/Method Script Generator/Autosampler/FOQ_TD_Original_Script/FOQ_VASA_Cooled_IN_RELAY_VWD.md,fe49d9e5dede67d2b833242fcd97b1858a9825895e69f03852ad8e9ac36078c2,1944,
operational,operational/_long_paths/FOQ_VASA_Cooled_Init_863d8007c10f9ea7.md,{programdata_kb}/Method Script Generator/Autosampler/FOQ_TD_Original_Script/FOQ_VASA_Cooled_Init.md,938ea81dbd9cccf54ddf500b74082f309eee353d6f7b69b16d9bc375b565ae9d,6124,
operational,operational/_long_paths/FOQ_VASA_Cooled_Linearity_SetIdleVolume_dad17136b77e5ea0.md,{programdata_kb}/Method Script Generator/Autosampler/FOQ_TD_Original_Script/FOQ_VASA_Cooled_Linearity_SetIdleVolume.md,6a4c59d255b4665955984a2293053b880aa8fee0bfb517ad4b49845d07b159ad,2735,
operational,operational/_long_paths/FOQ_VASA_Cooled_MH_Max_Range_in_oneInj___NoUdp_f4040ca2c63e4773.md,{programdata_kb}/Method Script Generator/Autosampler/FOQ_TD_Original_Script/FOQ_VASA_Cooled_MH_Max_Range_in_oneInj___NoUdp.md,6c2849cf63715bf0ca66441b5b1c17557872a511b2355238a1c8f60f928ee2f7,7835,
operational,operational/_long_paths/FOQ_VASA_Cooled_Precision_Linearity_d1c56683c8afe2c4.md,{programdata_kb}/Method Script Generator/Autosampler/FOQ_TD_Original_Script/FOQ_VASA_Cooled_Precision_Linearity.md,1658d8cb651330c10acb31ad2224ffab97ca2da16dcb24a043036498693f0885,5755,
operational,operational/_long_paths/FOQ_VASA_Cooled_SetParameters_0fa7f5732e1571c0.md,{programdata_kb}/Method Script Generator/Autosampler/FOQ_TD_Original_Script/FOQ_VASA_Cooled_SetParameters.md,804819086e84c9d13371ea73f3ecad4ea26e402fd2cc716e95a6d63c122dfb03,5855,
operational,operational/_long_paths/FOQ_VASA_Cooled_STOP_4927264a41eb63bc.md,{programdata_kb}/Method Script Generator/Autosampler/FOQ_TD_Original_Script/FOQ_VASA_Cooled_STOP.md,dd59cef6bb449e655825f1fd857c6611a1f579f65a8cd97bc36ba33e8295cd0a,5524,
operational,operational/_long_paths/FOQ_VASA_Cooled_System_Flush_8bf114aa7732dbb7.md,{programdata_kb}/Method Script Generator/Autosampler/FOQ_TD_Original_Script/FOQ_VASA_Cooled_System_Flush.md,9fc4263b081cb3a18b2d787e3dfaefb71c9b5ffe776e76a4f18ff86b534edcff,3068,
operational,operational/_long_paths/FOQ_VASC_Cooled_MH_Max_Range_in_oneInj_9b57fa97c5f60f2f.md,{programdata_kb}/Method Script Generator/Autosampler/FOQ_TD_Original_Script/FOQ_VASC_Cooled_MH_Max_Range_in_oneInj.md,68b8a02272344a1b2561c12340660dcb0e4c72deff56f1d5c430360d4d16ca30,8141,
operational,operational/_long_paths/FOQ_VASC_Cooled_Temp_Cooling_Performance_BI_729af81dda963ae7.md,{programdata_kb}/Method Script Generator/Autosampler/FOQ_TD_Original_Script/FOQ_VASC_Cooled_Temp_Cooling_Performance_BI.md,2cdcefa537dc6df10f7c2b359ab7d9542ac2c2c08d3b6e0be5b93bbd0ec73aee,4758,
operational,operational/Method Script Generator/Generator Spec/CM Compiler Rules.MD,{programdata_kb}/Method Script Generator/Generator Spec/CM Compiler Rules.MD,6c38548b738f4c68efa9691b6d7949584219675ffe6ce6af29e72cae9be2fddb,2737,DUP-046
operational,operational/Method Script Generator/Generator Spec/CM_METHOD_SCRIPT_MD_FORMAT_SPEC.md,{programdata_kb}/Method Script Generator/Generator Spec/CM_METHOD_SCRIPT_MD_FORMAT_SPEC.md,8fcefeb2c694a2cdd83a8341f35f0d89d733039b061f8806f09f971359cce23b,31639,DUP-047
operational,operational/_long_paths/Heat_Up_and_Cool_Down_Time_Test_f3939e6ecd9fc307.md,{programdata_kb}/Method Script Generator/TCC/Analyzed_KB_FOQ_TD_Original_Script/Heat-Up and Cool-Down Time Test.md,adff1f407c185ca0c70594e6352cdb2b2c1207d9af582826f2e505737d6ee59a,15405,DUP-024
operational,operational/_long_paths/Liquid_Leak_Sensor_Test_ecdc371b9069b6fb.md,{programdata_kb}/Method Script Generator/TCC/Analyzed_KB_FOQ_TD_Original_Script/Liquid Leak Sensor Test.md,dfde2580690185d7c2626f33c025d2079e6252461f33339ad821bd3d27cc62c6,12267,DUP-025
operational,operational/_long_paths/Temperature_Calibration_4bdd161f3c6b899b.MD,{programdata_kb}/Method Script Generator/TCC/Analyzed_KB_FOQ_TD_Original_Script/Temperature Calibration.MD,0e23a8d813c3f10407a0431d2f21cd09cfcff3f9a87f4e3153c84f22fdbb1fa3,14328,DUP-026
operational,operational/_long_paths/Temperature_Precision_and_Fan_Functionality_Test_2155c095a15b7d45.md,{programdata_kb}/Method Script Generator/TCC/Analyzed_KB_FOQ_TD_Original_Script/Temperature Precision and Fan Functionality Test.md,a82000a161a20a75cf27242defc2a7e2d9dc20b7b44ed999cb53f4045cacfaa6,13931,DUP-027
operational,operational/_long_paths/Temperature_Stability_and_PCC_Test_71a82fe85dc85359.md,{programdata_kb}/Method Script Generator/TCC/Analyzed_KB_FOQ_TD_Original_Script/Temperature Stability and PCC Test.md,546449066be58eee3203e2da3354b5a5a9055f8a641c404e38b320c2087086ae,13512,DUP-028
operational,operational/_long_paths/valve_and_keyboard_29506510a0799cbb.md,{programdata_kb}/Method Script Generator/TCC/Analyzed_KB_FOQ_TD_Original_Script/valve and keyboard.md,a54ad0c53c0210f61ee89c21e3eebc701725c093cce8643636c70678b0f2c167,11898,DUP-029
operational,operational/_long_paths/Vanquish_TCC_Temperature_Accuracy_Method_Analysi_0cf3e83d692b0fd2.md,{programdata_kb}/Method Script Generator/TCC/Analyzed_KB_FOQ_TD_Original_Script/Vanquish_TCC_Temperature_Accuracy_Method_Analysis.md,2692f8a22756401c72a39365659a758d1fb5bc904fe939c713a9b0bdcd15519f,17075,DUP-030
operational,operational/_long_paths/20260716_CM_METHOD_SCRIPT_MD_FORMAT_SPEC_49430820b086c1d0.md,{programdata_kb}/Method Script Generator/TCC/Generated_CMBX/20260716_CM_METHOD_SCRIPT_MD_FORMAT_SPEC.md,82bc07e66319ef314cfa806b0a54e84c8a559a8021e9f3c12c6379539a889e68,13605,
operational,operational/_long_paths/CM_REPORT_DYNAMIC_TABLE_KNOWLEDGE_BASE_3f1db5e578ba4832.md,{programdata_kb}/Method Script Generator/TCC/report_template_cmbx/CM_REPORT_DYNAMIC_TABLE_KNOWLEDGE_BASE.md,7415f15b0d6c84c1a4a86f8ba684dd9a6b7322a3d3602faa1b60a00d758c42ec,6019,
operational,operational/_long_paths/CM_REPORT_FORMULA_HELP_CATALOG_4b7e169d65c980c0.md,{programdata_kb}/Method Script Generator/TCC/report_template_cmbx/CM_REPORT_FORMULA_HELP_CATALOG.md,20fb4da5dceb7778ebf62de334fd7c334c44220321c9ab8b7cfc5b440754a9be,199524,
operational,operational/_long_paths/CM_REPORT_FORMULA_LANGUAGE_REFERENCE_e900c45e3068a9d4.md,{programdata_kb}/Method Script Generator/TCC/report_template_cmbx/CM_REPORT_FORMULA_LANGUAGE_REFERENCE.md,da3c38c35da53462b9938bfc73ae74bd82c127efbba6e4eaa3770f8e00359131,19231,
operational,operational/_long_paths/CM_REPORT_TEMPLATE_MD_TO_CMBX_SPEC_0b5d4632d949419e.md,{programdata_kb}/Method Script Generator/TCC/report_template_cmbx/CM_REPORT_TEMPLATE_MD_TO_CMBX_SPEC.md,4f73aa45b2394c35189923f714c4d650dc4fde469234ff25519f6d2b586dea30,11826,
operational,operational/_long_paths/FOQ_REPORT_VVWD_V2_31_FORMULA_INVENTORY_6782d664859e4601.md,{programdata_kb}/Method Script Generator/TCC/report_template_cmbx/FOQ_REPORT_VVWD_V2_31_FORMULA_INVENTORY.md,32bf99472f4433c0a80959d014097b674ab5c796808853890f9f4a8ab565f054,109606,
operational,operational/_long_paths/VALVE_SWITCH_INTEGRATION_REPORT_f2a5a98c00366316.md,{programdata_kb}/Method Script Generator/TCC/report_template_cmbx/Generated Validation/VALVE_SWITCH_INTEGRATION_REPORT.md,ce408851f23b303417c61edc10ef714bb9f5145333cd268176c06c948ab35d0e,1704,
operational,operational/_long_paths/PressureEvaluation_FORMULA_INVENTORY_3427e83d3e95b3aa.md,{programdata_kb}/Method Script Generator/TCC/report_template_cmbx/PressureEvaluation_FORMULA_INVENTORY.md,e6e409203c66e9c422097906cf1d5c633bb5785be917d6ed4b5daab78224938d,7092,DUP-055
operational,operational/_long_paths/PressureEvaluation_formulaone_v02_b4582da08baeb5c5.md,{programdata_kb}/Method Script Generator/TCC/report_template_cmbx/PressureEvaluation_formulaone_v02.md,932c981c170328094879927a0c9c490976ce99fa947bffe112622b59c9d0cf1d,712,
operational,operational/_long_paths/Report_VAPump_FOQ_V1_01_02_FORMULA_INVENTORY_91e5ed95f53a1f9a.md,{programdata_kb}/Method Script Generator/TCC/report_template_cmbx/Report_VAPump_FOQ_V1_01_02_FORMULA_INVENTORY.md,523f51ef7c90e98820baa4a6e9554ea147f8cf7028cc37721687acd8f3ef8724,37007,DUP-054
operational,operational/_long_paths/Report_VTCC_V2_12_FORMULA_INVENTORY_fa260a29a762bcea.md,{programdata_kb}/Method Script Generator/TCC/report_template_cmbx/Report_VTCC_V2_12_FORMULA_INVENTORY.md,cb3a91c82103444731522043f0786dbf73b2b1cdd22a3335e3a09c3286c2db91,24783,
operational,operational/_long_paths/REPORT_VTCC_V2_12_FORMULAONE_INVENTORY_9ace9c176de63c34.md,{programdata_kb}/Method Script Generator/TCC/report_template_cmbx/REPORT_VTCC_V2_12_FORMULAONE_INVENTORY.md,31a99e99cc2c48d2c3574e1818c87b9aaa9da2b26b9ab6531975a5a68a8ac890,31327,DUP-056
operational,operational/_long_paths/Report_VTCC_V2_12_full_formula_inventory_c0c31071eff52b4b.md,{programdata_kb}/Method Script Generator/TCC/report_template_cmbx/Report_VTCC_V2_12_full_formula_inventory.md,6eb5c9a49b6c3c773c0b03816b7c22488f74fcf7690969f673abd1974446ff67,57944,DUP-057
operational,operational/_long_paths/VALVE_SHIFT_SYNCHRON_PRESSURE_EVALUATION_REPORT__b5c084fabe97df51.md,{programdata_kb}/Method Script Generator/TCC/report_template_cmbx/VALVE_SHIFT_SYNCHRON_PRESSURE_EVALUATION_REPORT_CONTRACT.md,ed52bdc197fd5ffc95d3991eaf7d967b8cad8c2f585f5b0e3551e2e342416716,5669,DUP-060
operational,operational/_long_paths/VAS_DVAS_V_3_45_FORMULA_INVENTORY_c3d7ea508b05a8d7.md,{programdata_kb}/Method Script Generator/TCC/report_template_cmbx/VAS_DVAS_V_3_45_FORMULA_INVENTORY.md,9a934b9146c5815a7b74474e9352788e720ba4ad5e66f9d038fbbf0360488666,23171,DUP-061
operational,operational/Method Script Generator/TCC/TCC_STRESS_TRIGGER_METHOD_CONTRACT.md,{programdata_kb}/Method Script Generator/TCC/TCC_STRESS_TRIGGER_METHOD_CONTRACT.md,42fe1843c51e2cbfed60fbf9565012a09d94d28fe572610b8dea0c3a5d0f6b61,3311,DUP-064
operational,operational/Web Workspace/WEB_WORKSPACE_BUILD_PLAN.md,{programdata_kb}/Web Workspace/WEB_WORKSPACE_BUILD_PLAN.md,c5ac559c7ed96e3728b2b85e2de0c8a7ed2a1592af736e080bf7d56752c46fa9,63414,
engineering,engineering/CMBX_PARSING_NOTES.md,{repo}/CMBX_PARSING_NOTES.md,0177e114974c9b04896c40d12042f68252b5ad0616e563ce2da226290e16fe64,24660,
engineering,engineering/CM_FORMULA_REVERSE_ENGINEERING.md,{repo}/CM_FORMULA_REVERSE_ENGINEERING.md,7bb793a8c623a5c72656782d6aa53036e7fb0d28c48db4674c58838f401ff646,14387,
engineering,engineering/PORTABLE_PACKAGE_README.md,{repo}/PORTABLE_PACKAGE_README.md,cfbad943b276f1bb5a31cd4e10c7b9061a68b279c01a7333637eb6fd0aaa0351,1868,
engineering,engineering/README.md,{repo}/README.md,0fd1935ade448232d828ab3c5ff70197965263b41299717d800d1643f6b98150,15175,
engineering,engineering/deployment/README.md,{repo}/deployment/README.md,8f6ffe800e8b60cc24ff22b54d2368fb7385509827d3a293f430ac2ecf6761ff,967,
engineering,engineering/deployment/installers/README.md,{repo}/deployment/installers/README.md,6c5c8b0c4135857c25ae922bfdd0bdc3f7ec7ee93459e7be1e68c4d810ac5226,1024,
engineering,engineering/docs/ARCHITECTURE.md,{repo}/docs/ARCHITECTURE.md,de6ee1972d4254643c1f98f841ba650c59667a999207e7517bc372359624019e,7591,
engineering,engineering/docs/BUSINESS_WORKFLOW_UI_REDESIGN.md,{repo}/docs/BUSINESS_WORKFLOW_UI_REDESIGN.md,e7ace04d828abc05fa7299d5dd9bddae1779da4d7b3f4a38d5c0f4186f3429b0,84412,
engineering,engineering/docs/CMBX_CLONE_SELECT_GENERATOR.md,{repo}/docs/CMBX_CLONE_SELECT_GENERATOR.md,93011347e998ce5aff35ef18fa2ef9027d1e0716cc36130bd69f96c3a4aa0ae3,5307,
engineering,engineering/docs/CMBX_GENERATION_STRATEGY_KB.md,{repo}/docs/CMBX_GENERATION_STRATEGY_KB.md,7230aca4cfb0aa7b50a596d77d41cfefaf1f53ea5a805497bc0b78cee860938f,6446,
engineering,engineering/docs/CMBX_IMPORT_ASSET_CANDIDATES.md,{repo}/docs/CMBX_IMPORT_ASSET_CANDIDATES.md,08bc544c97417aaea34197b1a4c52fd93bf8ee4d52442754930694254dbb957c,2730,
engineering,engineering/docs/CMBX_REVERSE_GENERATION_STRATEGY.md,{repo}/docs/CMBX_REVERSE_GENERATION_STRATEGY.md,043c50d18b47556d70987cee3aceceb78f3c71043c1fa2af87816bf2b2507224,10390,
engineering,engineering/docs/CMBX_SEMANTIC_GENERATION_MODEL.md,{repo}/docs/CMBX_SEMANTIC_GENERATION_MODEL.md,8fe5188ef1ac5240a26dd249340f94607f2cc1910735f842db57dc6a55995a3c,12717,
engineering,engineering/docs/CM_FORMULA_KNOWLEDGE_BASE.md,{repo}/docs/CM_FORMULA_KNOWLEDGE_BASE.md,59eb4a406d226918c634248eaa34021f1b4304aac1f9d02994032dd9c913bbb1,6443,DUP-011
engineering,engineering/docs/CM_INSTRUMENT_COMMAND_KNOWLEDGE_BASE_V2.md,{repo}/docs/CM_INSTRUMENT_COMMAND_KNOWLEDGE_BASE_V2.md,25a69bd57690910c118256d1b2390ff26d2722205ea3efb4dbc1da7166f04893,12998,DUP-010
engineering,engineering/docs/CM_INSTRUMENT_CONFIGURATION_KNOWLEDGE_BASE.md,{repo}/docs/CM_INSTRUMENT_CONFIGURATION_KNOWLEDGE_BASE.md,2ecca28d537c9f10ee7922086961d35d1c93fbfdcfc63456d7efb49fd458523e,7734,
engineering,engineering/docs/CM_METHOD_COMMAND_KNOWLEDGE_BASE.md,{repo}/docs/CM_METHOD_COMMAND_KNOWLEDGE_BASE.md,3b23ca637782eefe35168d54c5c7067d577f4d8cc56549893f2fae51270c52b2,12198,
engineering,engineering/docs/CM_METHOD_RENDERING_CONTRACT.md,{repo}/docs/CM_METHOD_RENDERING_CONTRACT.md,4d22a8e6e8a22326f514bd11f57db7b80c199b42d545c0d95c9eb4aa112403ce,2228,
engineering,engineering/docs/CM_METHOD_SCRIPT_MD_FORMAT_SPEC.md,{repo}/docs/CM_METHOD_SCRIPT_MD_FORMAT_SPEC.md,8fcefeb2c694a2cdd83a8341f35f0d89d733039b061f8806f09f971359cce23b,31639,DUP-047
engineering,engineering/docs/CM_REPORT_DYNAMIC_TABLE_KNOWLEDGE_BASE.md,{repo}/docs/CM_REPORT_DYNAMIC_TABLE_KNOWLEDGE_BASE.md,3752825f20351ab6616bb2b21e46beaa6149c850b63abd151f30d74308eed0b6,9703,DUP-053
engineering,engineering/docs/CM_REPORT_FORMULA_HELP_CATALOG.md,{repo}/docs/CM_REPORT_FORMULA_HELP_CATALOG.md,345f7a5c04ad7b8a8d46d08c4d85aeedb443473157688c0aea40f0851a888485,199548,DUP-052
engineering,engineering/docs/CM_REPORT_FORMULA_LANGUAGE_REFERENCE.md,{repo}/docs/CM_REPORT_FORMULA_LANGUAGE_REFERENCE.md,5a916d796312b3c405da2d065514ee7b7660ee7572c83f3e512221e4b2f612c3,19212,DUP-051
engineering,engineering/docs/CM_REPORT_TEMPLATE_MD_TO_CMBX_SPEC.md,{repo}/docs/CM_REPORT_TEMPLATE_MD_TO_CMBX_SPEC.md,a067eaaed46789cc1603a4ac0b383b9d6d5cf933bf3982f05340be8545f849c1,31239,
engineering,engineering/docs/CM_SEQUENCE_UI_OBSERVATIONS.md,{repo}/docs/CM_SEQUENCE_UI_OBSERVATIONS.md,dde13fd729ed70a7494bafdfda14adee92adc13270ca6262fde9b9a22707c713,10326,
engineering,engineering/docs/EXTERNAL_REPORT_ENGINE_PLAN.md,{repo}/docs/EXTERNAL_REPORT_ENGINE_PLAN.md,2f0efe999786b50c4870e10e9b3ca1dc661e15e81c7715dee51ac952535b6b16,21637,DUP-013
engineering,engineering/docs/FEATURE_CMBX_PACKAGE_BROWSER.md,{repo}/docs/FEATURE_CMBX_PACKAGE_BROWSER.md,9ab1b95afde5c0c0e66b1cf06d26f201471196e143845cd90e3788147426355f,3449,
engineering,engineering/docs/FEATURE_FOQ_CONTRACT_EXPORT.md,{repo}/docs/FEATURE_FOQ_CONTRACT_EXPORT.md,b1f08360315d3ee66956cc22aed3ca7b9560d6624c4ec3715347e5b4a10d5ecd,3567,
engineering,engineering/docs/FEATURE_FORMULAONE_REPORT_EXPORT.md,{repo}/docs/FEATURE_FORMULAONE_REPORT_EXPORT.md,650899bbd471bab5b3835e83398d8768f24eb40e9027a5b4f4d87c557b205e8c,2575,
engineering,engineering/docs/FEATURE_METHOD_REPORT_EXTRACTION.md,{repo}/docs/FEATURE_METHOD_REPORT_EXTRACTION.md,9c7b965dcf1d73279662b08ce5feff23f14ba9011688a83a73e8e1d33bade127,1950,
engineering,engineering/docs/FEATURE_RAW_AUDIT_SIGNAL_EXPORT.md,{repo}/docs/FEATURE_RAW_AUDIT_SIGNAL_EXPORT.md,e80810a9199331a35c30ba8af6c42cccf693193872ec6a8a661b9df94c381247,1762,
engineering,engineering/docs/FEATURE_REPORT_FORMULA_EVALUATION.md,{repo}/docs/FEATURE_REPORT_FORMULA_EVALUATION.md,3b1022931175ff701cb936e49337bef599a17833caff180bebdfc6bc4f5bfc39,2624,
engineering,engineering/docs/FOQ_TCC_VX_C10_A_TD_KNOWLEDGE_MANAGEMENT.md,{repo}/docs/FOQ_TCC_VX_C10_A_TD_KNOWLEDGE_MANAGEMENT.md,a4c0c78803fd2f7691068a1c6df1436f36963064348f897f066c3e5f40747dba,16222,
engineering,engineering/docs/FOQ_TD_TEST_LOGIC_KNOWLEDGE_BASE.md,{repo}/docs/FOQ_TD_TEST_LOGIC_KNOWLEDGE_BASE.md,fd71cf05946cb55712571a9fad381bc4343f4fff9bd873babdeda3587eb87005,16272,
engineering,engineering/docs/FOQ_VAS_TD_KNOWLEDGE_MANAGEMENT.md,{repo}/docs/FOQ_VAS_TD_KNOWLEDGE_MANAGEMENT.md,dbeeda687a743b4ed0d69b6699548fd35e05b3af341b2c5cf7f77c4f0980837a,16966,DUP-014
engineering,engineering/docs/FOQ_VAS_TEST_LOGIC_KNOWLEDGE_BASE.md,{repo}/docs/FOQ_VAS_TEST_LOGIC_KNOWLEDGE_BASE.md,0ddae56b274f1f02f9ecc4b198c4a82c1eafb80cbea3202376d4449ad260bfc3,7901,DUP-015
engineering,engineering/docs/FOQ_VDAD_VMWD_TD_KNOWLEDGE_MANAGEMENT.md,{repo}/docs/FOQ_VDAD_VMWD_TD_KNOWLEDGE_MANAGEMENT.md,49240df2bbdb0fc480262aa1104ce14793670c490e0a3ac64bed8b3ce5ea9bfc,57144,DUP-016
engineering,engineering/docs/FOQ_VDAD_VMWD_TEST_LOGIC_KNOWLEDGE_BASE.md,{repo}/docs/FOQ_VDAD_VMWD_TEST_LOGIC_KNOWLEDGE_BASE.md,5cbf14cf21c646ec776a74e4bcb67b625dde323c11b24d5e6ce412fd02935907,5905,
engineering,engineering/docs/FOQ_VPUMP_TD_KNOWLEDGE_MANAGEMENT.md,{repo}/docs/FOQ_VPUMP_TD_KNOWLEDGE_MANAGEMENT.md,3974b9c531b6dfe1cde24f127b24c3d5b3ea7866b7713e7b1ec3ea97ecf5d4c1,17633,DUP-019
engineering,engineering/docs/FOQ_VPUMP_TEST_LOGIC_KNOWLEDGE_BASE.md,{repo}/docs/FOQ_VPUMP_TEST_LOGIC_KNOWLEDGE_BASE.md,2454c1d8d9f907b496c5a554afdb712a734c219348e7e06466f461c3ec22fe17,5914,DUP-020
engineering,engineering/docs/FOQ_VVWD_TD_KNOWLEDGE_MANAGEMENT.md,{repo}/docs/FOQ_VVWD_TD_KNOWLEDGE_MANAGEMENT.md,4d6a7ab15feb644c6df4a8fd3e3aaa82fdf961bfe7a877465344fcf150d56fa1,15181,DUP-017
engineering,engineering/docs/FOQ_VVWD_TEST_LOGIC_KNOWLEDGE_BASE.md,{repo}/docs/FOQ_VVWD_TEST_LOGIC_KNOWLEDGE_BASE.md,fbf71079763b2cad0c224944ce1a8d1e122222692f4e1379b8336582c0b264cc,6102,DUP-018
engineering,engineering/docs/KB_INDEX.md,{repo}/docs/KB_INDEX.md,638a015e5491a4d6ea34d2d7af7c68162a2a0e4560db1ba33b6bfe74be6cce90,16896,
engineering,engineering/docs/MD_TO_STANDALONE_METHOD_CMBX_PACKAGING.md,{repo}/docs/MD_TO_STANDALONE_METHOD_CMBX_PACKAGING.md,5a96b3a65289e84782abb1ce10306ac99d17cc96ac75c365867886ec1bb29fae,27129,DUP-048
engineering,engineering/docs/ONLINE_KB_MAINTENANCE_RULES.md,{repo}/docs/ONLINE_KB_MAINTENANCE_RULES.md,c16777c96fe65602e5a1648d9147c94435c388766aed788da38327c21cd781ab,3940,DUP-049
engineering,engineering/docs/ONLINE_KB_README.md,{repo}/docs/ONLINE_KB_README.md,5a4cea3dc910603a2894f39fde24e3e93fd24958a1a695124137f464702f5207,2585,DUP-077
engineering,engineering/docs/ONLINE_KB_SOURCE_STATUS.md,{repo}/docs/ONLINE_KB_SOURCE_STATUS.md,85cd976d949d297d7c3a051dfad691d90f32390091789a47556bcf2ae7f5e768,2424,DUP-050
engineering,engineering/docs/ONLINE_KB_WEB_MODEL_VALIDATION_20260722.md,{repo}/docs/ONLINE_KB_WEB_MODEL_VALIDATION_20260722.md,5a0ef3617b4dc3d93d2560c0ac0e4c2b10c1cdfdfd3defe1c7c3956dea5b3fa1,4053,
engineering,engineering/docs/REPORT_VTCC_V2_12_FORMULAONE_INVENTORY.md,{repo}/docs/REPORT_VTCC_V2_12_FORMULAONE_INVENTORY.md,31a99e99cc2c48d2c3574e1818c87b9aaa9da2b26b9ab6531975a5a68a8ac890,31327,DUP-056
engineering,engineering/docs/RID_OQ_METHOD_REPORT_EVIDENCE.md,{repo}/docs/RID_OQ_METHOD_REPORT_EVIDENCE.md,13aeaa94f93bbe973c96a6ae816079568f994c556f9c34aa705efbefda161a44,6952,DUP-021
engineering,engineering/docs/RID_OQ_TEST_KNOWLEDGE_BASE.md,{repo}/docs/RID_OQ_TEST_KNOWLEDGE_BASE.md,b99c8317d0b07a11c65b014016bfa44125313f5bb99db4785b4e4f9d65dfcb4e,28749,DUP-022
engineering,engineering/docs/SEQUENCE_CMD_REVERSE_ENGINEERING.md,{repo}/docs/SEQUENCE_CMD_REVERSE_ENGINEERING.md,7ba499cf9561f0c001ff161b3e47a023f704439e839ec5569e074890d5bb0d03,10029,
engineering,engineering/docs/SEQUENCE_PACKAGE_GENERATION.md,{repo}/docs/SEQUENCE_PACKAGE_GENERATION.md,963a4addf9d1630ea958ae173168e15da3dbed0831de2fc0f14d8bd532cb85fe,8485,
engineering,engineering/docs/TAB_AUDIT_TRAILS.md,{repo}/docs/TAB_AUDIT_TRAILS.md,4fe1a8403707318ed8cf78162c665b40f92973ba2e65e2cde8479371da856f40,2295,
engineering,engineering/docs/TAB_CMBX_INFO.md,{repo}/docs/TAB_CMBX_INFO.md,9f486becd81c1f613b4cdfe051e9d6c0295951ae4d3c0fe61ab50944204b9a5e,794,
engineering,engineering/docs/TAB_DATABASE_UPLOAD.md,{repo}/docs/TAB_DATABASE_UPLOAD.md,d7ec87014bf077f71b0ba1c730477ba8a728359393b7a7aaecdc6b924fb8d8bc,1598,
engineering,engineering/docs/TAB_FOQ_DB.md,{repo}/docs/TAB_FOQ_DB.md,095ae4e8781f1bc2772c0006d2ac1fcec7a83d5b588bd388ecd1cf0818d5cf2b,2135,
engineering,engineering/docs/TAB_FOQ_KB_TO_RUN.md,{repo}/docs/TAB_FOQ_KB_TO_RUN.md,e5dbb043a3225748831207c30e2e790b0b378b71deaabe063cb1faabbe51d8e8,27806,
engineering,engineering/docs/TAB_INJECTION_METHODS.md,{repo}/docs/TAB_INJECTION_METHODS.md,248fb22a28a857c52f959ef6350ea98da810d3cdaf2eaa6433ae6d4c61b866ca,435,
engineering,engineering/docs/TAB_INSTRUMENT_METHODS.md,{repo}/docs/TAB_INSTRUMENT_METHODS.md,eeb4464c82f92626b150d83ac4acae0891f3c78e1469fc75b7057882dd1fd332,5120,
engineering,engineering/docs/TAB_KB_INDEX.md,{repo}/docs/TAB_KB_INDEX.md,0677e636c79fc273589ef7ce0a294cb99f41da8fc0bff2121b752eeed26f0ad4,3306,
engineering,engineering/docs/TAB_METHOD_REPORT_GENERATOR.md,{repo}/docs/TAB_METHOD_REPORT_GENERATOR.md,b58169017bb984e780c6b9dfd7efea4629405ed4a8fd2ad4df03626117d65580,4007,
engineering,engineering/docs/TAB_PROCESSING_METHODS.md,{repo}/docs/TAB_PROCESSING_METHODS.md,d952ed7f1a52ee5d5b2149b7ed7be1d7b9aee75b83cf5f83ddd9b2e62323ace9,2137,
engineering,engineering/docs/TAB_RAW_CHANNELS.md,{repo}/docs/TAB_RAW_CHANNELS.md,d7f665a4b94db5fa1d96ff1e3dca491750fe56dd0e4d7dade219a7425d5ba21c,1807,
engineering,engineering/docs/TAB_RAW_PLOT.md,{repo}/docs/TAB_RAW_PLOT.md,6ee0ca693c247c2ebf58bc808f9e23a1e1f4b1130450453fb82ca610bdafbc13,2425,
engineering,engineering/docs/TAB_REPORT_SHEETS.md,{repo}/docs/TAB_REPORT_SHEETS.md,d87453b9d610e28f62930462e29d2f91a9ea6ce17332941cd4b07d99af188c91,2623,
engineering,engineering/docs/TAB_REPORT_TEMPLATES.md,{repo}/docs/TAB_REPORT_TEMPLATES.md,239c93fd5bb0f40cfe65083aec75e2800f9684f2fb87187c0425e09087f83a45,3276,
engineering,engineering/docs/TCC_ACCURACY_BLACK_BOX_DECOMPOSITION.md,{repo}/docs/TCC_ACCURACY_BLACK_BOX_DECOMPOSITION.md,0aee825bfe9ecfbd82f6df9637e47a15867f137fdabcd83b5849e2e68d1e20b5,27135,
engineering,engineering/docs/TCC_BURNIN_BLACK_BOX_DECOMPOSITION.md,{repo}/docs/TCC_BURNIN_BLACK_BOX_DECOMPOSITION.md,eea925587e4df2b1b52f7d00b374b0459653b9a07838392eab7578e3a114d64c,11444,DUP-032
engineering,engineering/docs/TCC_CALIBRATION_BLACK_BOX_DECOMPOSITION.md,{repo}/docs/TCC_CALIBRATION_BLACK_BOX_DECOMPOSITION.md,11c898f979db3f6f81181ac333f1f6b276dca0b0a6cf5c19218689571e2665bb,30802,
engineering,engineering/docs/TCC_CMBX_GENERATION.md,{repo}/docs/TCC_CMBX_GENERATION.md,10f17d0606e639ea1284ecb0a928c5ae2b8668dea7f9669b229ce3269cec2cda,4362,
engineering,engineering/docs/TCC_CM_METHOD_SCRIPT_DEPENDENCY_MODEL.md,{repo}/docs/TCC_CM_METHOD_SCRIPT_DEPENDENCY_MODEL.md,49967aae19b61df411766e2de4902b7ca6e3648b71b1458aadd8b950e59d0497,13628,
engineering,engineering/docs/TCC_COLUMN_ID_BLACK_BOX_DECOMPOSITION.md,{repo}/docs/TCC_COLUMN_ID_BLACK_BOX_DECOMPOSITION.md,90d860d58f7c98cfb631957ad07cea8e865b22f0a1f1ca54c7a3413fc916cb10,14046,DUP-034
engineering,engineering/docs/TCC_CUSTOM_ACCURACY_40_60_80_STABILITY_METHOD_SKILL_OUTPUT.md,{repo}/docs/TCC_CUSTOM_ACCURACY_40_60_80_STABILITY_METHOD_SKILL_OUTPUT.md,ee622a443aefc63d3d05a7580ac3bc5c78ed47e2db628838276a98899113396d,15533,
engineering,engineering/docs/TCC_ERROR_LOG_BLACK_BOX_DECOMPOSITION.md,{repo}/docs/TCC_ERROR_LOG_BLACK_BOX_DECOMPOSITION.md,46eef18dd6d81d40923f535effae58a2caa35ac9447f62ec95dc24387e1435c1,9906,DUP-035
engineering,engineering/docs/TCC_FACTORY_DEFAULT_BLACK_BOX_DECOMPOSITION.md,{repo}/docs/TCC_FACTORY_DEFAULT_BLACK_BOX_DECOMPOSITION.md,ed160db75b6c4412856ff6da75e0098b634da70e2e6b989b733c3b78a0f9038c,16525,DUP-036
engineering,engineering/docs/TCC_FOQ_METHOD_REPORT_KNOWLEDGE_BASE.md,{repo}/docs/TCC_FOQ_METHOD_REPORT_KNOWLEDGE_BASE.md,a78f3f66b3e342723ecd8a6d372e901d510c4a4d58610047576e9b7e104f36c4,21537,DUP-059
engineering,engineering/docs/TCC_HEATUP_COOLDOWN_BLACK_BOX_DECOMPOSITION.md,{repo}/docs/TCC_HEATUP_COOLDOWN_BLACK_BOX_DECOMPOSITION.md,86b415ca6fffbb36743ffb5bf1b9a7ca8f094f605097657cb010e00f0a382e8b,20340,
engineering,engineering/docs/TCC_INJECTION_BY_INJECTION_REVERSE_WORKBENCH.md,{repo}/docs/TCC_INJECTION_BY_INJECTION_REVERSE_WORKBENCH.md,9207229e786962d72cdbb6592a6105b45133d0286efd2ba72ec598579dfe42f1,29477,
engineering,engineering/docs/TCC_LIQUID_LEAK_BLACK_BOX_DECOMPOSITION.md,{repo}/docs/TCC_LIQUID_LEAK_BLACK_BOX_DECOMPOSITION.md,0405660f17ed35e549c8bec1d196b537859d8ce7d5868869e0e7d8e268923484,14584,DUP-038
engineering,engineering/docs/TCC_METHOD_COMMAND_CONTRACTS.md,{repo}/docs/TCC_METHOD_COMMAND_CONTRACTS.md,a7412d461ee7e2686f44707b2aa6d280fd4a3a475d9f010655e3cfa1549b1ef1,5877,
engineering,engineering/docs/TCC_METHOD_REPORT_ALIGNMENT.md,{repo}/docs/TCC_METHOD_REPORT_ALIGNMENT.md,c357171ea1d33e6dc69a4c0555dcb85bd4ec8d7179b3c144b766588bfa4dbfa7,16302,DUP-058
engineering,engineering/docs/TCC_METHOD_ROLE_CONTRACTS.md,{repo}/docs/TCC_METHOD_ROLE_CONTRACTS.md,e036cb72a3b9f7217760e4ca498bb64e2b728b4b1f8a8f7913217d3ac129c656,35460,DUP-039
engineering,engineering/docs/TCC_PRECISION_FAN_BLACK_BOX_DECOMPOSITION.md,{repo}/docs/TCC_PRECISION_FAN_BLACK_BOX_DECOMPOSITION.md,2fc3eea2c5770b2e761095757ad046683b5d572c87322c34082fb757c79736c5,22002,
engineering,engineering/docs/TCC_PREHEATER_BLACK_BOX_DECOMPOSITION.md,{repo}/docs/TCC_PREHEATER_BLACK_BOX_DECOMPOSITION.md,c11e057204fc8daa58e9928329009fb065940af5b0b44509d45cadcad437c925,19265,DUP-041
engineering,engineering/docs/TCC_QUALIFICATION_SERVICE_BLACK_BOX_DECOMPOSITION.md,{repo}/docs/TCC_QUALIFICATION_SERVICE_BLACK_BOX_DECOMPOSITION.md,2c0099d79bb99885da753c7170f69b50ef0ab0cdc90a8e3a580969313a2d1aa6,10763,DUP-042
engineering,engineering/docs/TCC_REQUIRED_SYMBOL_MANIFEST.md,{repo}/docs/TCC_REQUIRED_SYMBOL_MANIFEST.md,403db1d3faf5a7334593ced03d3a7e9572e26713be40c99f471c1e86a4956b56,9580,
engineering,engineering/docs/TCC_STABILITY_80C_METHOD_SCRIPT_CANDIDATE.md,{repo}/docs/TCC_STABILITY_80C_METHOD_SCRIPT_CANDIDATE.md,694072dbdf9bfe8c383b5001eaa78810bead394551e75d8326ab750b526983d9,11645,
engineering,engineering/docs/TCC_STABILITY_BLACK_BOX_DECOMPOSITION.md,{repo}/docs/TCC_STABILITY_BLACK_BOX_DECOMPOSITION.md,f63863fc0de3d6fdbae6652dc9cd91f36d8c3d13a0c82f5e826cd7a813aab254,24722,
engineering,engineering/docs/TCC_STRESS_TRIGGER_METHOD_CONTRACT.md,{repo}/docs/TCC_STRESS_TRIGGER_METHOD_CONTRACT.md,42fe1843c51e2cbfed60fbf9565012a09d94d28fe572610b8dea0c3a5d0f6b61,3311,DUP-064
engineering,engineering/docs/TCC_TEMPERATURE_ACCURACY_PRINCIPLE.md,{repo}/docs/TCC_TEMPERATURE_ACCURACY_PRINCIPLE.md,bb1da69d5e396e019248a014db5e927279c3e25a8c336006181866fdac857040,3337,
engineering,engineering/docs/TCC_TEST_KNOWLEDGE_NODE_MODEL.md,{repo}/docs/TCC_TEST_KNOWLEDGE_NODE_MODEL.md,8ddaeda5bf94c1a47438aafc2e8071625162a9337767cbc5d22b847b4875dd04,75430,
engineering,engineering/docs/TCC_TEST_RELATIONSHIP_MODEL.md,{repo}/docs/TCC_TEST_RELATIONSHIP_MODEL.md,5d6b5c535a71d3acc6e3d2f459d5f5e3aa0408b68c51b67c1ef3b731dcdbd300,15943,DUP-044
engineering,engineering/docs/TCC_VALVE_KEYPAD_BLACK_BOX_DECOMPOSITION.md,{repo}/docs/TCC_VALVE_KEYPAD_BLACK_BOX_DECOMPOSITION.md,e6e5fc429bea16deb2029569c5e9abc99fd5910e0fd1752a5421a0869d251e28,16004,DUP-045
engineering,engineering/docs/VALVE_SHIFT_SYNCHRON_PRESSURE_EVALUATION_REPORT_CONTRACT.md,{repo}/docs/VALVE_SHIFT_SYNCHRON_PRESSURE_EVALUATION_REPORT_CONTRACT.md,ed52bdc197fd5ffc95d3991eaf7d967b8cad8c2f585f5b0e3551e2e342416716,5669,DUP-060
engineering,engineering/docs/VX_C10_A_TCC_FOQ_CMBX_METHOD_PACKAGE.md,{repo}/docs/VX_C10_A_TCC_FOQ_CMBX_METHOD_PACKAGE.md,56e72fcddd442c5857beecaf34f18291e5ab79c3a2bca93ba448f54e0221c49b,22113,
engineering,engineering/docs/WEB_SERVER_DEPLOYMENT.md,{repo}/docs/WEB_SERVER_DEPLOYMENT.md,ab1b02db7a7086e5783054a3d9b182540872f786684dfa20d2d290d90d0bcc91,5025,
engineering,engineering/docs/WEB_WORKSPACE_BUILD_PLAN.md,{repo}/docs/WEB_WORKSPACE_BUILD_PLAN.md,efc27848493b43c9a88e33079348ca242cec31b4889345fd99c8664e2a0ea52e,74012,
engineering,engineering/docs/obsidian_business_view/00_HOME.md,{repo}/docs/obsidian_business_view/00_HOME.md,a3ccd72f4e2181a0a108ab4980973284d031989e14159697d4d63131ab6ae361,895,DUP-001
engineering,engineering/docs/obsidian_business_view/01_Design_And_Generate/_INDEX.md,{repo}/docs/obsidian_business_view/01_Design_And_Generate/_INDEX.md,4de694357c9f1142bcd27c60514340430fb33473268c6d4c4ab057912ecf8d3d,1547,DUP-002
engineering,engineering/docs/obsidian_business_view/02_Chromatograms_And_Results/_INDEX.md,{repo}/docs/obsidian_business_view/02_Chromatograms_And_Results/_INDEX.md,82c6ee4ee1715802e2b490c6f5564b5c4bed0592f9ac63e8d3838b66b0b0cfa3,1011,DUP-003
engineering,engineering/docs/obsidian_business_view/03_Quality_Control_And_Database/_INDEX.md,{repo}/docs/obsidian_business_view/03_Quality_Control_And_Database/_INDEX.md,14376119a835613f798dedf7009dd1f58072b3f42c98fe4e97f6d6aaa10a6346,1071,DUP-004
engineering,engineering/docs/obsidian_business_view/04_Single_Verification/_INDEX.md,{repo}/docs/obsidian_business_view/04_Single_Verification/_INDEX.md,2bd4bf5688206bdb649eb6e25fe3cc23acb35c0279baa0b01eacdac708f28598,868,DUP-005
engineering,engineering/docs/obsidian_business_view/05_Web_Workspace/_INDEX.md,{repo}/docs/obsidian_business_view/05_Web_Workspace/_INDEX.md,f940a6f36ed738d3ff6bd8c48dc797b99b34569d59c230aea6370ed0ea5f4b3b,713,DUP-006
engineering,engineering/docs/obsidian_business_view/90_Source_Documents/_INDEX.md,{repo}/docs/obsidian_business_view/90_Source_Documents/_INDEX.md,7c07a6011a5f6a135679bab6f83289709924459ab55b57adb87144e806a5e393,506,DUP-007
engineering,engineering/docs/obsidian_business_view/99_Archive/_INDEX.md,{repo}/docs/obsidian_business_view/99_Archive/_INDEX.md,01cbecd51d0c1a0a21b66b926e96aafd0c69fa229324b84c96740f2fb9067590,527,DUP-008
engineering,engineering/docs/obsidian_business_view/MIGRATION_MANIFEST.md,{repo}/docs/obsidian_business_view/MIGRATION_MANIFEST.md,1904e9a51c89292c2e5aeb12ea1a1c96638aeb456a44f05d39e9d1b6967d7a5f,1476,DUP-009
engineering,engineering/examples/external_report_tcc_temperature.md,{repo}/examples/external_report_tcc_temperature.md,5bdeaa8c422b9786f97dd7cb0acf55300fff2f1cc92dc9fe2d2872713ba2a1a7,1130,DUP-012
engineering,engineering/launcher/README.md,{repo}/launcher/README.md,e7d597b5818a5e3d05dcb05a4d6671545cfbae0e9cde99b6bba244b7e4e40116,974,
engineering,engineering/launcher/WEB_SERVER_DEPLOYMENT.md,{repo}/launcher/WEB_SERVER_DEPLOYMENT.md,5473e23eb4663b99d64b6ec559312819cd3f54f9217011ae6a7c52f5cd1c8e81,4651,
skill,skills/cm-method-script-author/references/tcc_method_authoring.md,{codex_skills}/cm-method-script-author/references/tcc_method_authoring.md,2dc1c2f010f7c1c1f088fed6ff48ea4f79726cf5006f0eda4b60b218e95538c7,12975,
skill,skills/cm-method-script-author/SKILL.md,{codex_skills}/cm-method-script-author/SKILL.md,ddb4e7c5c10b3e265632bdc3295a2d9270ee243ebb877f2806a38aa465c442db,4718,
skill,skills/technical-document-knowledge-extractor/references/foq_kb_markdown_schema.md,{codex_skills}/technical-document-knowledge-extractor/references/foq_kb_markdown_schema.md,5ebc7cb6c9c3559554a56dcfae519ac75215327625ad308c2e170ac6d9cdd337,4224,
skill,skills/technical-document-knowledge-extractor/SKILL.md,{codex_skills}/technical-document-knowledge-extractor/SKILL.md,4e8d634aaa0ff9fbf99c212bbb25ca0cb64e6c2574622cae03ce5d5dcc6a087a,6625,
skill,skills/cmbx-method-script-generator/references/tcc-method-generation-chain.md,{codex_skills}/cmbx-method-script-generator/references/tcc-method-generation-chain.md,bf53487b4f3382c867bf357d649d7d38d33fdb9719d952fb1f532698c06d54f8,5704,
skill,skills/cmbx-method-script-generator/SKILL.md,{codex_skills}/cmbx-method-script-generator/SKILL.md,7e67bd01306a9f782601128f1694433865e7045bc8c4c4a60d8ec5d829e7ddb4,2105,
